08/01/2012 11:02:57;403;49
08/01/2012 11:03:01;717;409
08/01/2012 11:03:03;717;589
08/01/2012 11:03:04;717;678
08/01/2012 11:03:06;717;717
08/01/2012 11:03:07;717;717
08/01/2012 11:03:09;719;717
08/01/2012 11:03:10;717;717
08/01/2012 11:03:12;719;717
08/01/2012 11:03:13;714;717
08/01/2012 11:03:15;714;717
08/01/2012 11:03:16;712;714
08/01/2012 11:03:17;714;714
08/01/2012 11:03:19;714;712
08/01/2012 11:03:20;712;712
08/01/2012 11:03:22;714;712
08/01/2012 11:03:23;712;712
08/01/2012 11:03:25;712;712
08/01/2012 11:03:26;712;712
08/01/2012 11:03:27;712;712
08/01/2012 11:03:45;710;708
08/01/2012 11:03:46;710;708
08/01/2012 11:03:47;710;708
08/01/2012 11:03:49;708;708
08/01/2012 11:03:50;710;708
08/01/2012 11:03:52;708;708
08/01/2012 11:03:53;710;708
08/01/2012 11:03:55;710;708
08/01/2012 11:03:56;708;708
08/01/2012 11:03:57;710;708
08/01/2012 11:03:59;710;708
08/01/2012 11:04:00;710;708
08/01/2012 11:04:02;710;708
08/01/2012 11:04:03;710;708
08/01/2012 11:04:05;710;708
08/01/2012 11:04:06;706;708
08/01/2012 11:04:07;706;708
08/01/2012 11:04:09;706;708
08/01/2012 11:04:10;706;706
08/01/2012 11:04:12;706;706
08/01/2012 11:04:13;706;706
08/01/2012 11:04:15;706;706
08/01/2012 11:04:16;706;706
08/01/2012 11:04:18;704;704
08/01/2012 11:04:19;706;704
08/01/2012 11:04:20;704;704
08/01/2012 11:04:22;704;704
08/01/2012 11:04:23;706;704
08/01/2012 11:04:25;706;704
08/01/2012 11:04:26;706;704
08/01/2012 11:04:28;706;704
08/01/2012 11:04:29;706;706
08/01/2012 11:04:31;706;706
08/01/2012 11:04:32;708;706
08/01/2012 11:04:34;704;704
08/01/2012 11:04:35;706;704
08/01/2012 11:04:36;706;704
08/01/2012 11:04:38;704;704
08/01/2012 11:04:39;704;704
08/01/2012 11:04:41;706;704
08/01/2012 11:04:42;708;704
08/01/2012 11:04:45;0;522
08/01/2012 11:04:46;0;345
08/01/2012 11:04:48;0;258
08/01/2012 11:04:49;0;81
08/01/2012 11:06:36;277;34
08/01/2012 11:06:37;721;215
08/01/2012 11:06:38;719;305
08/01/2012 11:06:40;719;395
08/01/2012 11:06:41;717;574
08/01/2012 11:06:43;717;663
08/01/2012 11:06:44;717;717
08/01/2012 11:06:46;714;717
08/01/2012 11:06:47;717;714
08/01/2012 11:06:48;714;714
08/01/2012 11:06:50;714;714
08/01/2012 11:06:51;714;714
08/01/2012 11:06:54;714;714
08/01/2012 11:06:54;714;714
08/01/2012 11:06:54;714;714
08/01/2012 11:06:56;714;714
08/01/2012 11:06:57;714;714
08/01/2012 11:06:59;712;712
08/01/2012 11:07:00;719;714
08/01/2012 11:07:02;714;714
08/01/2012 11:07:03;717;714
08/01/2012 11:07:05;717;714
08/01/2012 11:07:06;719;717
08/01/2012 11:07:07;719;717
08/01/2012 11:07:10;719;717
08/01/2012 11:07:10;719;717
08/01/2012 11:07:11;719;717
08/01/2012 11:07:12;717;717
08/01/2012 11:07:15;719;717
08/01/2012 11:07:15;717;717
08/01/2012 11:07:15;719;717
08/01/2012 11:07:16;719;717
08/01/2012 11:07:18;719;717
08/01/2012 11:07:19;719;717
08/01/2012 11:07:21;717;717
08/01/2012 11:07:23;719;717
08/01/2012 11:07:24;717;717
08/01/2012 11:07:24;719;717
08/01/2012 11:07:24;719;717
08/01/2012 11:07:24;717;717
08/01/2012 11:07:25;717;717
08/01/2012 11:07:27;719;717
08/01/2012 11:07:28;717;717
08/01/2012 11:07:29;719;717
08/01/2012 11:07:31;719;717
08/01/2012 11:07:32;719;717
08/01/2012 11:07:34;717;717
08/01/2012 11:07:37;717;717
08/01/2012 11:07:37;717;717
08/01/2012 11:07:38;717;717
08/01/2012 11:07:39;714;717
08/01/2012 11:07:41;714;714
08/01/2012 11:07:42;714;714
08/01/2012 11:07:44;717;714
08/01/2012 11:07:45;717;714
08/01/2012 11:07:47;719;714
08/01/2012 11:07:48;719;717
08/01/2012 11:07:49;717;717
08/01/2012 11:07:51;719;717
08/01/2012 11:07:52;719;717
08/01/2012 11:07:54;717;717
08/01/2012 11:07:55;719;717
08/01/2012 11:07:57;717;717
08/01/2012 11:07:58;721;717
08/01/2012 11:08:00;721;717
08/01/2012 11:08:01;721;719
08/01/2012 11:08:03;721;719
08/01/2012 11:08:04;719;719
08/01/2012 11:08:05;719;719
08/01/2012 11:08:07;719;719
08/01/2012 11:08:08;719;719
08/01/2012 11:08:08;719;719
08/01/2012 11:08:10;717;719
08/01/2012 11:08:11;717;717
08/01/2012 11:08:13;484;687
08/01/2012 11:08:14;0;597
08/01/2012 11:08:16;0;418
08/01/2012 11:08:17;0;328
08/01/2012 11:08:18;0;149
08/01/2012 11:10:35;712;132
08/01/2012 11:10:36;708;222
08/01/2012 11:10:38;704;309
08/01/2012 11:10:39;702;484
08/01/2012 11:10:41;702;572
08/01/2012 11:10:42;699;702
08/01/2012 11:10:43;702;702
08/01/2012 11:10:45;674;693
08/01/2012 11:10:46;674;691
08/01/2012 11:10:48;672;687
08/01/2012 11:10:51;672;676
08/01/2012 11:10:52;672;672
08/01/2012 11:10:53;672;672
08/01/2012 11:10:56;689;672
08/01/2012 11:10:58;699;676
08/01/2012 11:10:59;699;682
08/01/2012 11:11:01;699;687
08/01/2012 11:11:02;697;693
08/01/2012 11:11:03;702;697
08/01/2012 11:11:05;699;697
08/01/2012 11:11:06;697;697
08/01/2012 11:11:08;699;697
08/01/2012 11:11:09;699;697
08/01/2012 11:11:11;699;697
08/01/2012 11:11:12;699;697
08/01/2012 11:11:14;702;697
08/01/2012 11:11:15;702;699
08/01/2012 11:11:17;699;699
08/01/2012 11:11:18;702;699
08/01/2012 11:11:20;699;699
08/01/2012 11:11:21;699;699
08/01/2012 11:11:23;699;699
08/01/2012 11:11:25;697;699
08/01/2012 11:11:26;697;697
08/01/2012 11:11:28;699;697
08/01/2012 11:11:29;699;697
08/01/2012 11:11:31;699;697
08/01/2012 11:11:32;699;697
08/01/2012 11:11:34;699;697
08/01/2012 11:11:35;699;697
08/01/2012 11:11:37;699;699
08/01/2012 11:11:38;699;699
08/01/2012 11:11:40;699;699
08/01/2012 11:11:42;699;699
08/01/2012 11:11:43;699;699
08/01/2012 11:11:45;697;699
08/01/2012 11:11:47;699;699
08/01/2012 11:11:48;697;697
08/01/2012 11:11:50;697;697
08/01/2012 11:11:52;699;697
08/01/2012 11:11:53;699;697
08/01/2012 11:11:55;699;697
08/01/2012 11:11:55;699;697
08/01/2012 11:11:56;699;697
08/01/2012 11:11:59;702;697
08/01/2012 11:12:01;699;697
08/01/2012 11:12:02;699;699
08/01/2012 11:12:04;699;699
08/01/2012 11:12:05;702;699
08/01/2012 11:12:07;702;699
08/01/2012 11:12:08;699;699
08/01/2012 11:12:10;365;657
08/01/2012 11:12:11;0;569
08/01/2012 11:12:13;0;395
08/01/2012 11:12:14;0;307
08/01/2012 11:12:17;0;45
08/01/2012 11:13:05;171;21
08/01/2012 11:13:06;708;198
08/01/2012 11:13:07;704;286
08/01/2012 11:13:09;706;463
08/01/2012 11:13:12;704;706
08/01/2012 11:13:13;704;704
08/01/2012 11:13:15;704;704
08/01/2012 11:13:16;704;704
08/01/2012 11:13:17;702;702
08/01/2012 11:13:19;704;702
08/01/2012 11:13:20;702;702
08/01/2012 11:13:22;702;702
08/01/2012 11:13:23;704;702
08/01/2012 11:13:25;702;702
08/01/2012 11:13:26;702;702
08/01/2012 11:13:27;704;702
08/01/2012 11:13:29;702;702
08/01/2012 11:13:30;702;702
08/01/2012 11:13:32;702;702
08/01/2012 11:13:33;702;702
08/01/2012 11:13:36;702;699
08/01/2012 11:13:36;702;699
08/01/2012 11:13:36;702;699
08/01/2012 11:13:39;699;699
08/01/2012 11:13:39;699;699
08/01/2012 11:13:41;702;699
08/01/2012 11:13:42;699;699
08/01/2012 11:13:43;699;699
08/01/2012 11:13:45;702;699
08/01/2012 11:13:46;697;699
08/01/2012 11:13:48;699;699
08/01/2012 11:13:49;699;697
08/01/2012 11:13:51;699;697
08/01/2012 11:13:52;699;697
08/01/2012 11:13:53;699;697
08/01/2012 11:13:55;697;697
08/01/2012 11:13:56;699;697
08/01/2012 11:13:58;697;697
08/01/2012 11:13:59;699;697
08/01/2012 11:14:01;697;697
08/01/2012 11:14:02;697;697
08/01/2012 11:14:03;699;697
08/01/2012 11:14:05;697;697
08/01/2012 11:14:06;697;697
08/01/2012 11:14:08;697;697
08/01/2012 11:14:09;697;697
08/01/2012 11:14:11;697;697
08/01/2012 11:14:12;697;697
08/01/2012 11:14:13;697;697
08/01/2012 11:14:15;697;697
08/01/2012 11:14:16;697;695
08/01/2012 11:14:18;697;695
08/01/2012 11:14:19;697;695
08/01/2012 11:14:22;697;697
08/01/2012 11:14:22;697;697
08/01/2012 11:14:25;697;697
08/01/2012 11:14:25;697;697
08/01/2012 11:14:26;697;697
08/01/2012 11:14:28;697;697
08/01/2012 11:14:29;699;697
08/01/2012 11:14:31;697;697
08/01/2012 11:14:32;162;629
08/01/2012 11:14:34;0;456
08/01/2012 11:14:35;0;369
08/01/2012 11:14:36;0;194
08/01/2012 11:14:38;0;107
08/01/2012 11:14:44;667;83
08/01/2012 11:14:45;699;171
08/01/2012 11:14:46;697;343
08/01/2012 11:14:48;697;431
08/01/2012 11:14:49;697;606
08/01/2012 11:14:51;697;693
08/01/2012 11:14:52;697;697
08/01/2012 11:14:54;695;695
08/01/2012 11:14:55;697;695
08/01/2012 11:14:56;697;695
08/01/2012 11:14:58;699;697
08/01/2012 11:14:59;697;697
08/01/2012 11:15:01;697;697
08/01/2012 11:15:02;697;697
08/01/2012 11:15:04;697;697
08/01/2012 11:15:05;697;697
08/01/2012 11:15:06;697;697
08/01/2012 11:15:08;699;697
08/01/2012 11:15:09;695;697
08/01/2012 11:15:11;699;697
08/01/2012 11:15:12;697;697
08/01/2012 11:15:14;695;697
08/01/2012 11:15:15;697;697
08/01/2012 11:15:17;697;695
08/01/2012 11:15:18;695;695
08/01/2012 11:15:20;697;695
08/01/2012 11:15:21;697;695
08/01/2012 11:15:22;697;695
08/01/2012 11:15:24;697;695
08/01/2012 11:15:25;695;695
08/01/2012 11:15:27;695;695
08/01/2012 11:15:28;697;695
08/01/2012 11:15:30;697;695
08/01/2012 11:15:31;697;695
08/01/2012 11:15:32;695;695
08/01/2012 11:15:34;697;695
08/01/2012 11:15:35;695;695
08/01/2012 11:15:37;695;695
08/01/2012 11:15:38;693;695
08/01/2012 11:15:40;695;695
08/01/2012 11:15:41;693;693
08/01/2012 11:15:42;695;693
08/01/2012 11:15:44;695;693
08/01/2012 11:15:45;695;693
08/01/2012 11:15:47;693;693
08/01/2012 11:15:48;695;693
08/01/2012 11:15:50;693;693
08/01/2012 11:15:51;695;693
08/01/2012 11:15:52;695;693
08/01/2012 11:15:54;693;693
08/01/2012 11:15:55;695;693
08/01/2012 11:15:57;693;693
08/01/2012 11:15:58;693;693
08/01/2012 11:16:00;695;693
08/01/2012 11:16:01;693;693
08/01/2012 11:16:02;695;693
08/01/2012 11:16:04;294;644
08/01/2012 11:16:05;0;557
08/01/2012 11:16:07;0;384
08/01/2012 11:16:08;0;296
08/01/2012 11:16:10;0;122
08/01/2012 11:16:11;0;36
08/01/2012 11:21:45;19;2
08/01/2012 11:21:47;729;92
08/01/2012 11:21:48;717;273
08/01/2012 11:21:50;714;363
08/01/2012 11:21:53;712;629
08/01/2012 11:21:54;714;717
08/01/2012 11:21:55;714;714
08/01/2012 11:21:57;714;714
08/01/2012 11:21:58;712;712
08/01/2012 11:22:00;714;712
08/01/2012 11:22:01;714;712
08/01/2012 11:22:03;712;712
08/01/2012 11:22:04;714;712
08/01/2012 11:22:06;714;712
08/01/2012 11:22:07;714;712
08/01/2012 11:22:08;712;712
08/01/2012 11:22:10;714;712
08/01/2012 11:22:11;712;712
08/01/2012 11:22:13;712;712
08/01/2012 11:22:14;712;712
08/01/2012 11:22:16;710;712
08/01/2012 11:22:44;714;712
08/01/2012 11:22:47;712;712
08/01/2012 11:22:49;712;712
08/01/2012 11:22:50;712;712
08/01/2012 11:23:11;710;708
08/01/2012 11:23:13;710;708
08/01/2012 11:23:15;710;708
08/01/2012 11:23:16;0;557
08/01/2012 11:23:18;0;467
08/01/2012 11:23:22;0;113
08/01/2012 20:28:44;736;124
08/01/2012 20:28:46;729;213
08/01/2012 20:28:47;725;395
08/01/2012 20:28:49;725;486
08/01/2012 20:28:50;725;576
08/01/2012 20:28:52;723;725
08/01/2012 20:28:53;725;725
08/01/2012 20:28:54;723;723
08/01/2012 20:28:56;723;723
08/01/2012 20:28:57;723;723
08/01/2012 20:28:59;723;723
08/01/2012 20:29:00;721;723
08/01/2012 20:29:02;723;721
08/01/2012 20:29:03;721;721
08/01/2012 20:29:05;721;721
08/01/2012 20:29:06;723;721
08/01/2012 20:29:07;721;721
08/01/2012 20:29:09;721;721
08/01/2012 20:29:11;721;721
08/01/2012 20:29:12;721;721
08/01/2012 20:29:13;721;721
08/01/2012 20:29:16;719;719
08/01/2012 20:29:18;721;719
08/01/2012 20:29:19;719;719
08/01/2012 20:29:21;717;719
08/01/2012 20:29:23;721;719
08/01/2012 20:29:24;717;719
08/01/2012 20:29:26;719;719
08/01/2012 20:29:28;721;719
08/01/2012 20:29:29;719;719
08/01/2012 20:29:30;719;719
08/01/2012 20:29:32;719;719
08/01/2012 20:29:34;721;719
08/01/2012 20:29:36;717;719
08/01/2012 20:29:37;721;719
08/01/2012 20:29:39;719;719
08/01/2012 20:29:40;719;719
08/01/2012 20:29:42;719;719
08/01/2012 20:29:43;719;717
08/01/2012 20:29:44;719;717
08/01/2012 20:29:46;719;719
08/01/2012 20:29:47;717;717
08/01/2012 20:29:49;717;717
08/01/2012 20:29:50;717;717
08/01/2012 20:29:52;717;717
08/01/2012 20:29:53;719;717
08/01/2012 20:29:55;717;717
08/01/2012 20:29:56;717;717
08/01/2012 20:29:58;719;717
08/01/2012 20:29:59;717;717
08/01/2012 20:30:00;717;717
08/01/2012 20:30:02;719;717
08/01/2012 20:30:03;719;717
08/01/2012 20:30:05;719;717
08/01/2012 20:30:06;719;717
08/01/2012 20:30:08;719;717
08/01/2012 20:30:09;717;717
08/01/2012 20:30:11;719;717
08/01/2012 20:30:12;719;717
08/01/2012 20:30:14;717;717
08/01/2012 20:30:16;719;717
08/01/2012 20:30:17;719;717
08/01/2012 20:30:19;719;717
08/01/2012 20:30:20;717;717
08/01/2012 20:30:22;717;717
08/01/2012 20:30:23;719;717
08/01/2012 20:30:25;719;717
08/01/2012 20:30:27;719;717
08/01/2012 20:30:28;721;717
08/01/2012 20:30:30;719;717
08/01/2012 20:30:31;719;719
08/01/2012 20:30:33;717;719
08/01/2012 20:30:35;719;719
08/01/2012 20:30:36;719;717
08/01/2012 20:30:37;719;717
08/01/2012 20:30:39;719;717
08/01/2012 20:30:40;533;693
08/01/2012 20:30:42;0;603
08/01/2012 20:30:44;0;156
08/01/2012 20:30:46;0;66

09/01/2012 07:18:27;414;51
09/01/2012 07:18:28;731;143
09/01/2012 07:18:30;721;322
09/01/2012 07:18:31;721;412
09/01/2012 07:18:33;717;593
09/01/2012 07:18:34;719;682
09/01/2012 07:18:35;719;721
09/01/2012 07:18:37;719;719
09/01/2012 07:18:38;719;719
09/01/2012 07:18:40;721;719
09/01/2012 07:18:41;719;719
09/01/2012 07:18:43;719;719
09/01/2012 07:18:44;719;719
09/01/2012 07:18:46;719;719
09/01/2012 07:18:47;719;719
09/01/2012 07:18:49;719;719
09/01/2012 07:18:50;719;719
09/01/2012 07:18:52;719;719
09/01/2012 07:18:53;714;717
09/01/2012 07:18:55;717;717
09/01/2012 07:18:56;717;717
09/01/2012 07:18:58;714;714
09/01/2012 07:19:00;714;714
09/01/2012 07:19:01;714;714
09/01/2012 07:19:03;714;714
09/01/2012 07:19:04;714;714
09/01/2012 07:19:06;712;712
09/01/2012 07:19:07;714;712
09/01/2012 07:19:09;712;712
09/01/2012 07:19:11;714;712
09/01/2012 07:19:12;714;712
09/01/2012 07:19:14;712;712
09/01/2012 07:19:17;714;712
09/01/2012 07:19:17;714;712
09/01/2012 07:19:17;712;712
09/01/2012 07:19:18;710;712
09/01/2012 07:19:20;712;712
09/01/2012 07:19:21;712;712
09/01/2012 07:19:28;714;712
09/01/2012 07:19:28;717;712
09/01/2012 07:19:28;714;712
09/01/2012 07:19:29;717;712
09/01/2012 07:19:29;717;712
09/01/2012 07:19:31;712;712
09/01/2012 07:19:32;714;714
09/01/2012 07:19:33;712;712
09/01/2012 07:19:34;717;714
09/01/2012 07:19:36;714;714
09/01/2012 07:19:37;717;714
09/01/2012 07:19:38;714;714
09/01/2012 07:19:40;714;714
09/01/2012 07:19:42;714;714
09/01/2012 07:19:43;717;714
09/01/2012 07:19:45;714;714
09/01/2012 07:19:46;714;714
09/01/2012 07:19:48;714;714
09/01/2012 07:19:49;714;714
09/01/2012 07:19:51;714;714
09/01/2012 07:19:52;714;714
09/01/2012 07:19:54;714;714
09/01/2012 07:19:55;712;712
09/01/2012 07:19:57;714;712
09/01/2012 07:19:58;714;712
09/01/2012 07:20:00;714;712
09/01/2012 07:20:02;712;712
09/01/2012 07:20:03;714;712
09/01/2012 07:20:05;712;712
09/01/2012 07:20:06;710;712
09/01/2012 07:20:08;710;712
09/01/2012 07:20:19;714;712
09/01/2012 07:20:20;712;712
09/01/2012 07:20:22;712;712
09/01/2012 07:20:23;714;712
09/01/2012 07:20:25;712;712
09/01/2012 07:20:26;62;631
09/01/2012 07:20:28;0;542
09/01/2012 07:20:29;0;363
09/01/2012 07:20:31;0;275
09/01/2012 07:20:33;0;186
09/01/2012 07:20:34;0;6
09/01/2012 07:20:38;546;68
09/01/2012 07:20:40;717;247
09/01/2012 07:20:41;714;337
09/01/2012 07:20:43;714;514
09/01/2012 07:20:44;714;603
09/01/2012 07:20:46;714;714
09/01/2012 07:20:48;714;714
09/01/2012 07:20:49;714;714
09/01/2012 07:20:51;714;712
09/01/2012 07:20:52;714;712
09/01/2012 07:20:54;714;712
09/01/2012 07:20:55;714;712
09/01/2012 07:20:57;714;712
09/01/2012 07:20:58;714;714
09/01/2012 07:21:00;712;712
09/01/2012 07:21:01;714;712
09/01/2012 07:21:03;717;714
09/01/2012 07:21:04;714;712
09/01/2012 07:21:06;714;712
09/01/2012 07:21:08;714;714
09/01/2012 07:21:09;714;714
09/01/2012 07:21:11;712;712
09/01/2012 07:21:12;717;714
09/01/2012 07:21:14;712;712
09/01/2012 07:21:15;717;714
09/01/2012 07:21:17;714;714
09/01/2012 07:21:18;714;714
09/01/2012 07:21:20;714;714
09/01/2012 07:21:21;714;714
09/01/2012 07:21:23;714;714
09/01/2012 07:21:25;714;714
09/01/2012 07:21:26;714;714
09/01/2012 07:21:28;717;714
09/01/2012 07:21:29;717;714
09/01/2012 07:21:31;714;714
09/01/2012 07:21:32;714;714
09/01/2012 07:21:34;714;714
09/01/2012 07:21:35;714;714
09/01/2012 07:21:37;714;714
09/01/2012 07:21:38;714;714
09/01/2012 07:21:39;712;714
09/01/2012 07:21:41;714;712
09/01/2012 07:21:42;712;712
09/01/2012 07:21:44;712;712
09/01/2012 07:21:45;712;712
09/01/2012 07:21:47;710;712
09/01/2012 07:21:48;712;712
09/01/2012 07:22:02;712;712
09/01/2012 07:22:04;712;712
09/01/2012 07:22:05;712;712
09/01/2012 07:22:07;712;712
09/01/2012 07:22:08;714;712
09/01/2012 07:22:09;714;712
09/01/2012 07:22:11;714;712
09/01/2012 07:22:12;712;712
09/01/2012 07:22:14;712;712
09/01/2012 07:22:15;712;712
09/01/2012 07:22:17;712;712
09/01/2012 07:22:25;714;712
09/01/2012 07:22:27;712;712
09/01/2012 07:22:28;714;712
09/01/2012 07:22:30;712;712
09/01/2012 07:22:31;714;712
09/01/2012 07:22:32;714;712
09/01/2012 07:22:34;712;712
09/01/2012 07:22:35;714;712
09/01/2012 07:22:37;712;712
09/01/2012 07:22:38;712;712
09/01/2012 07:22:40;712;712
09/01/2012 07:22:42;712;712
09/01/2012 07:22:43;714;712
09/01/2012 07:22:44;712;712
09/01/2012 07:22:46;717;712
09/01/2012 07:22:47;714;712
09/01/2012 07:22:49;714;712
09/01/2012 07:22:50;712;712
09/01/2012 07:22:52;714;712
09/01/2012 07:22:53;714;714
09/01/2012 07:22:55;714;712
09/01/2012 07:22:56;714;712
09/01/2012 07:22:58;712;712
09/01/2012 07:22:59;714;712
09/01/2012 07:23:01;712;712
09/01/2012 07:23:02;714;712
09/01/2012 07:23:03;714;712
09/01/2012 07:23:05;714;712
09/01/2012 07:23:06;714;712
09/01/2012 07:23:08;712;712
09/01/2012 07:23:09;714;712
09/01/2012 07:23:11;712;712
09/01/2012 07:23:12;714;712
09/01/2012 07:23:13;712;712
09/01/2012 07:23:15;712;712
09/01/2012 07:23:16;712;712
09/01/2012 07:23:18;710;712
09/01/2012 07:23:19;712;712
09/01/2012 07:23:21;712;712
09/01/2012 07:23:28;0;597
09/01/2012 07:23:29;0;508
09/01/2012 07:23:31;0;331
09/01/2012 07:23:32;0;241
09/01/2012 07:23:34;0;64
09/01/2012 19:57:24;723;147
09/01/2012 19:57:26;719;237
09/01/2012 19:57:27;714;416
09/01/2012 19:57:29;717;505
09/01/2012 19:57:30;714;682
09/01/2012 19:57:32;714;714
09/01/2012 19:57:33;714;714
09/01/2012 19:57:35;714;714
09/01/2012 19:57:36;712;714
09/01/2012 19:57:37;717;714
09/01/2012 19:57:39;719;714
09/01/2012 19:57:40;717;714
09/01/2012 19:57:42;717;714
09/01/2012 19:57:43;717;714
09/01/2012 19:57:45;717;717
09/01/2012 19:57:46;717;717
09/01/2012 19:57:47;714;714
09/01/2012 19:57:49;717;714
09/01/2012 19:57:50;717;714
09/01/2012 19:57:52;717;714
09/01/2012 19:57:53;717;714
09/01/2012 19:57:55;717;714
09/01/2012 19:57:56;714;714
09/01/2012 19:57:58;714;714
09/01/2012 19:57:59;717;714
09/01/2012 19:58:00;714;714
09/01/2012 19:58:02;714;714
09/01/2012 19:58:03;714;714
09/01/2012 19:58:05;714;714
09/01/2012 19:58:06;714;714
09/01/2012 19:58:08;714;714
09/01/2012 19:58:09;714;714
09/01/2012 19:58:11;714;714
09/01/2012 19:58:12;714;714
09/01/2012 19:58:13;714;714
09/01/2012 19:58:15;714;712
09/01/2012 19:58:16;714;712
09/01/2012 19:58:18;714;712
09/01/2012 19:58:19;714;712
09/01/2012 19:58:21;712;712
09/01/2012 19:58:22;714;712
09/01/2012 19:58:23;714;712
09/01/2012 19:58:25;714;712
09/01/2012 19:58:26;714;712
09/01/2012 19:58:28;712;712
09/01/2012 19:58:29;714;712
09/01/2012 19:58:31;714;712
09/01/2012 19:58:32;714;712
09/01/2012 19:58:33;714;712
09/01/2012 19:58:35;714;712
09/01/2012 19:58:36;714;714
09/01/2012 19:58:38;714;714
09/01/2012 19:58:39;714;714
09/01/2012 19:58:41;714;714
09/01/2012 19:58:42;714;714
09/01/2012 19:58:44;714;714
09/01/2012 19:58:45;714;714
09/01/2012 19:58:46;714;714
09/01/2012 19:58:48;714;714
09/01/2012 19:58:49;714;714
09/01/2012 19:58:51;714;714
09/01/2012 19:58:52;714;714
09/01/2012 19:58:54;714;714
09/01/2012 19:58:55;714;714
09/01/2012 19:58:56;714;714
09/01/2012 19:58:58;717;714
09/01/2012 19:58:59;712;714
09/01/2012 19:59:01;712;714
09/01/2012 19:59:02;714;714
09/01/2012 19:59:04;714;714
09/01/2012 19:59:05;714;712
09/01/2012 19:59:06;717;712
09/01/2012 19:59:08;714;714
09/01/2012 19:59:09;717;714
09/01/2012 19:59:11;717;714
09/01/2012 19:59:12;714;714
09/01/2012 19:59:14;714;714
09/01/2012 19:59:15;279;659
09/01/2012 19:59:16;2;572
09/01/2012 19:59:18;0;392
09/01/2012 19:59:19;0;303
09/01/2012 19:59:21;0;124
09/01/2012 19:59:22;0;34
09/01/2012 19:59:29;497;62
09/01/2012 19:59:31;723;243
09/01/2012 19:59:32;719;333
09/01/2012 19:59:34;723;422
09/01/2012 19:59:35;719;601
09/01/2012 19:59:36;719;691
09/01/2012 19:59:38;719;719
09/01/2012 19:59:39;717;719
09/01/2012 19:59:41;719;717
09/01/2012 19:59:42;719;717
09/01/2012 19:59:44;719;717
09/01/2012 19:59:45;721;719
09/01/2012 19:59:47;719;719
09/01/2012 19:59:48;719;719
09/01/2012 19:59:50;719;719
09/01/2012 19:59:51;717;719
09/01/2012 19:59:52;719;719
09/01/2012 19:59:54;717;717
09/01/2012 19:59:55;717;717
09/01/2012 19:59:57;717;717
09/01/2012 19:59:58;717;717
09/01/2012 20:00:00;717;717
09/01/2012 20:00:01;717;717
09/01/2012 20:00:03;719;717
09/01/2012 20:00:04;717;717
09/01/2012 20:00:05;717;717
09/01/2012 20:00:07;717;717
09/01/2012 20:00:08;717;717
09/01/2012 20:00:10;714;717
09/01/2012 20:00:11;714;714
09/01/2012 20:00:13;717;714
09/01/2012 20:00:14;714;714
09/01/2012 20:00:15;714;714
09/01/2012 20:00:17;717;714
09/01/2012 20:00:18;717;714
09/01/2012 20:00:20;714;714
09/01/2012 20:00:21;717;714
09/01/2012 20:00:23;714;714
09/01/2012 20:00:24;717;714
09/01/2012 20:00:25;714;714
09/01/2012 20:00:27;712;714
09/01/2012 20:00:28;712;714
09/01/2012 20:00:30;712;712
09/01/2012 20:00:31;712;712
09/01/2012 20:00:33;712;712
09/01/2012 20:00:34;712;712
09/01/2012 20:00:36;712;712
09/01/2012 20:00:37;712;712
09/01/2012 20:00:38;712;712
09/01/2012 20:00:40;712;712
09/01/2012 20:00:41;710;712
09/01/2012 20:00:43;712;712
09/01/2012 20:00:57;712;712
09/01/2012 20:00:58;712;712
09/01/2012 20:01:00;712;712
09/01/2012 20:01:01;0;618
09/01/2012 20:01:03;0;531
09/01/2012 20:01:04;0;352
09/01/2012 20:01:06;0;262
09/01/2012 20:01:07;0;85

11/01/2012 10:01:53;64;6
11/01/2012 10:01:54;708;96
11/01/2012 10:01:55;695;271
11/01/2012 10:01:57;693;356
11/01/2012 10:01:58;693;529
11/01/2012 10:02:00;693;616
11/01/2012 10:02:01;693;695
11/01/2012 10:02:03;691;693
11/01/2012 10:02:04;693;691
11/01/2012 10:02:05;693;691
11/01/2012 10:02:07;693;691
11/01/2012 10:02:08;691;691
11/01/2012 10:02:10;691;691
11/01/2012 10:02:11;693;691
11/01/2012 10:02:13;691;691
11/01/2012 10:02:14;691;691
11/01/2012 10:02:16;689;691
11/01/2012 10:02:17;691;691
11/01/2012 10:02:19;691;689
11/01/2012 10:02:20;689;689
11/01/2012 10:02:22;691;689
11/01/2012 10:02:23;691;689
11/01/2012 10:02:24;691;689
11/01/2012 10:02:26;691;689
11/01/2012 10:02:27;689;689
11/01/2012 10:02:29;691;689
11/01/2012 10:02:30;693;689
11/01/2012 10:02:32;691;689
11/01/2012 10:02:33;693;691
11/01/2012 10:02:34;691;691
11/01/2012 10:02:36;691;691
11/01/2012 10:02:37;691;691
11/01/2012 10:02:39;691;689
11/01/2012 10:02:40;689;689
11/01/2012 10:02:42;689;689
11/01/2012 10:02:43;689;689
11/01/2012 10:02:45;689;689
11/01/2012 10:02:46;689;689
11/01/2012 10:02:47;689;689
11/01/2012 10:02:49;689;689
11/01/2012 10:02:50;689;689
11/01/2012 10:02:52;689;689
11/01/2012 10:02:53;689;689
11/01/2012 10:02:55;691;689
11/01/2012 10:02:56;691;689
11/01/2012 10:02:57;689;689
11/01/2012 10:02:59;689;689
11/01/2012 10:03:00;687;689
11/01/2012 10:03:02;712;691
11/01/2012 10:03:03;717;697
11/01/2012 10:03:05;719;702
11/01/2012 10:03:06;719;708
11/01/2012 10:03:07;719;712
11/01/2012 10:03:09;719;717
11/01/2012 10:03:10;719;717
11/01/2012 10:03:12;719;717
11/01/2012 10:03:13;719;719
11/01/2012 10:03:15;719;719
11/01/2012 10:03:16;717;717
11/01/2012 10:03:17;719;717
11/01/2012 10:03:19;719;717
11/01/2012 10:03:20;719;717
11/01/2012 10:03:22;719;717
11/01/2012 10:03:23;717;717
11/01/2012 10:03:25;719;717
11/01/2012 10:03:26;719;717
11/01/2012 10:03:28;717;717
11/01/2012 10:03:29;717;717
11/01/2012 10:03:31;712;714
11/01/2012 10:03:32;712;714
11/01/2012 10:03:33;717;714
11/01/2012 10:03:36;0;471
11/01/2012 10:03:38;0;382
11/01/2012 10:03:39;0;292
11/01/2012 10:03:41;0;113
11/01/2012 10:03:42;0;23

12/01/2012 07:08:37;744;122
12/01/2012 07:08:39;736;213
12/01/2012 07:08:40;731;305
12/01/2012 07:08:41;729;486
12/01/2012 07:08:43;731;578
12/01/2012 07:08:44;731;731
12/01/2012 07:08:46;731;731
12/01/2012 07:08:47;729;729
12/01/2012 07:08:49;729;729
12/01/2012 07:08:50;727;729
12/01/2012 07:08:52;729;727
12/01/2012 07:08:53;727;727
12/01/2012 07:08:54;729;727
12/01/2012 07:08:56;729;727
12/01/2012 07:08:57;729;727
12/01/2012 07:08:59;699;725
12/01/2012 07:09:00;699;721
12/01/2012 07:09:02;699;714
12/01/2012 07:09:05;702;702
12/01/2012 07:09:06;697;699
12/01/2012 07:09:08;699;699
12/01/2012 07:09:09;697;697
12/01/2012 07:09:10;699;697
12/01/2012 07:09:12;697;697
12/01/2012 07:09:13;697;697
12/01/2012 07:09:15;697;697
12/01/2012 07:09:16;699;697
12/01/2012 07:09:18;697;697
12/01/2012 07:09:19;697;697
12/01/2012 07:09:20;697;697
12/01/2012 07:09:22;697;697
12/01/2012 07:09:23;699;697
12/01/2012 07:09:25;699;697
12/01/2012 07:09:26;697;697
12/01/2012 07:09:28;699;697
12/01/2012 07:09:29;699;697
12/01/2012 07:09:30;699;697
12/01/2012 07:09:32;699;697
12/01/2012 07:09:33;699;697
12/01/2012 07:09:35;697;697
12/01/2012 07:09:36;699;697
12/01/2012 07:09:38;697;697
12/01/2012 07:09:39;697;697
12/01/2012 07:09:40;699;697
12/01/2012 07:09:42;697;697
12/01/2012 07:09:43;697;697
12/01/2012 07:09:45;697;697
12/01/2012 07:09:46;699;697
12/01/2012 07:09:48;697;697
12/01/2012 07:09:49;697;697
12/01/2012 07:09:50;697;697
12/01/2012 07:09:52;697;697
12/01/2012 07:09:53;699;697
12/01/2012 07:09:55;697;697
12/01/2012 07:09:56;699;697
12/01/2012 07:09:58;699;697
12/01/2012 07:09:59;697;697
12/01/2012 07:10:00;699;697
12/01/2012 07:10:02;697;697
12/01/2012 07:10:03;697;697
12/01/2012 07:10:05;697;697
12/01/2012 07:10:06;697;697
12/01/2012 07:10:08;695;695
12/01/2012 07:10:09;697;695
12/01/2012 07:10:10;695;695
12/01/2012 07:10:12;695;695
12/01/2012 07:10:13;695;695
12/01/2012 07:10:15;695;695
12/01/2012 07:10:16;693;695
12/01/2012 07:10:18;695;693
12/01/2012 07:10:19;693;693
12/01/2012 07:10:20;695;693
12/01/2012 07:10:22;695;693
12/01/2012 07:10:23;695;693
12/01/2012 07:10:25;695;693
12/01/2012 07:10:27;697;693
12/01/2012 07:10:28;695;695
12/01/2012 07:10:29;151;627
12/01/2012 07:10:32;0;367
12/01/2012 07:10:34;0;279
12/01/2012 07:10:35;0;104
12/01/2012 07:10:37;0;17

13/01/2012 10:24:40;424;51
13/01/2012 10:24:41;736;145
13/01/2012 10:24:42;729;235
13/01/2012 10:24:44;727;416
13/01/2012 10:24:45;725;508
13/01/2012 10:24:47;725;689
13/01/2012 10:24:48;725;725
13/01/2012 10:24:50;725;723
13/01/2012 10:24:51;725;723
13/01/2012 10:24:52;723;723
13/01/2012 10:24:54;723;723
13/01/2012 10:24:55;723;723
13/01/2012 10:24:57;721;723
13/01/2012 10:24:58;723;723
13/01/2012 10:25:00;721;721
13/01/2012 10:25:01;723;721
13/01/2012 10:25:02;721;721
13/01/2012 10:25:04;721;721
13/01/2012 10:25:05;699;719
13/01/2012 10:25:08;691;706
13/01/2012 10:25:10;691;699
13/01/2012 10:25:11;689;695
13/01/2012 10:25:13;689;691
13/01/2012 10:25:14;693;689
13/01/2012 10:25:16;691;689
13/01/2012 10:25:17;693;691
13/01/2012 10:25:19;693;691
13/01/2012 10:25:20;693;691
13/01/2012 10:25:22;691;691
13/01/2012 10:25:23;691;691
13/01/2012 10:25:24;691;691
13/01/2012 10:25:26;693;691
13/01/2012 10:25:27;689;691
13/01/2012 10:25:29;691;691
13/01/2012 10:25:30;689;691
13/01/2012 10:25:32;691;689
13/01/2012 10:25:33;691;689
13/01/2012 10:25:34;693;689
13/01/2012 10:25:36;691;691
13/01/2012 10:25:37;691;691
13/01/2012 10:25:39;693;691
13/01/2012 10:25:40;691;691
13/01/2012 10:25:42;691;691
13/01/2012 10:25:43;693;691
13/01/2012 10:25:45;693;691
13/01/2012 10:25:46;691;691
13/01/2012 10:25:48;691;691
13/01/2012 10:25:49;693;691
13/01/2012 10:25:50;693;691
13/01/2012 10:25:52;691;691
13/01/2012 10:25:53;691;691
13/01/2012 10:25:55;693;691
13/01/2012 10:25:56;691;691
13/01/2012 10:25:58;691;691
13/01/2012 10:25:59;691;691
13/01/2012 10:26:00;691;691
13/01/2012 10:26:02;691;691
13/01/2012 10:26:03;691;691
13/01/2012 10:26:05;693;691
13/01/2012 10:26:06;693;691
13/01/2012 10:26:08;693;691
13/01/2012 10:26:09;695;691
13/01/2012 10:26:11;693;693
13/01/2012 10:26:12;693;693
13/01/2012 10:26:14;693;693
13/01/2012 10:26:15;693;693
13/01/2012 10:26:16;693;693
13/01/2012 10:26:18;691;691
13/01/2012 10:26:19;693;691
13/01/2012 10:26:21;691;691
13/01/2012 10:26:22;689;691
13/01/2012 10:26:24;691;691
13/01/2012 10:26:25;689;689
13/01/2012 10:26:27;691;689
13/01/2012 10:26:28;691;689
13/01/2012 10:26:29;691;689
13/01/2012 10:26:31;691;689
13/01/2012 10:26:32;693;691
13/01/2012 10:26:34;693;691
13/01/2012 10:26:35;693;691
13/01/2012 10:26:37;693;691
13/01/2012 10:26:38;695;693
13/01/2012 10:26:40;104;618
13/01/2012 10:26:41;0;533
13/01/2012 10:26:43;0;358
13/01/2012 10:26:44;0;273
13/01/2012 10:26:45;0;98
13/01/2012 10:26:47;0;13

14/01/2012 11:36:12;316;38
14/01/2012 11:36:15;723;311
14/01/2012 11:36:16;721;401
14/01/2012 11:36:18;723;493
14/01/2012 11:36:19;719;672
14/01/2012 11:36:21;721;723
14/01/2012 11:36:22;721;721
14/01/2012 11:36:24;719;721
14/01/2012 11:36:25;721;719
14/01/2012 11:36:26;721;719
14/01/2012 11:36:28;719;719
14/01/2012 11:36:29;721;719
14/01/2012 11:36:31;721;719
14/01/2012 11:36:32;719;719
14/01/2012 11:36:34;719;719
14/01/2012 11:36:35;719;719
14/01/2012 11:36:37;721;719
14/01/2012 11:36:38;719;719
14/01/2012 11:36:39;719;719
14/01/2012 11:36:41;719;719
14/01/2012 11:36:42;719;717
14/01/2012 11:36:44;717;717
14/01/2012 11:36:45;719;717
14/01/2012 11:36:47;717;717
14/01/2012 11:36:48;719;717
14/01/2012 11:36:50;717;717
14/01/2012 11:36:51;719;717
14/01/2012 11:36:53;719;717
14/01/2012 11:36:54;719;717
14/01/2012 11:36:56;719;717
14/01/2012 11:36:57;719;717
14/01/2012 11:36:59;719;719
14/01/2012 11:37:00;717;717
14/01/2012 11:37:02;719;717
14/01/2012 11:37:03;717;717
14/01/2012 11:37:05;717;717
14/01/2012 11:37:06;717;717
14/01/2012 11:37:08;714;717
14/01/2012 11:37:09;717;717
14/01/2012 11:37:12;687;706
14/01/2012 11:37:14;687;697
14/01/2012 11:37:15;689;695
14/01/2012 11:37:17;689;689
14/01/2012 11:37:19;689;687
14/01/2012 11:37:20;689;687
14/01/2012 11:37:22;689;689
14/01/2012 11:37:23;689;689
14/01/2012 11:37:25;687;687
14/01/2012 11:37:26;689;687
14/01/2012 11:37:28;689;687
14/01/2012 11:37:29;687;687
14/01/2012 11:37:32;685;685
14/01/2012 11:37:34;685;685
14/01/2012 11:37:35;687;685
14/01/2012 11:37:37;685;685
14/01/2012 11:37:38;687;685
14/01/2012 11:37:39;685;685
14/01/2012 11:37:41;687;685
14/01/2012 11:37:42;685;685
14/01/2012 11:37:44;689;685
14/01/2012 11:37:45;685;685
14/01/2012 11:37:47;687;685
14/01/2012 11:37:48;687;685
14/01/2012 11:37:49;685;685
14/01/2012 11:37:51;685;685
14/01/2012 11:37:52;685;685
14/01/2012 11:37:54;687;685
14/01/2012 11:37:55;685;685
14/01/2012 11:37:57;685;685
14/01/2012 11:37:58;687;685
14/01/2012 11:37:59;685;685
14/01/2012 11:38:01;687;685
14/01/2012 11:38:02;682;685
14/01/2012 11:38:04;685;685
14/01/2012 11:38:05;685;685
14/01/2012 11:38:07;687;685
14/01/2012 11:38:08;0;574
14/01/2012 11:38:10;0;488
14/01/2012 11:38:11;0;318
14/01/2012 11:38:13;0;232
14/01/2012 11:38:14;0;147

15/01/2012 11:05:59;691;85
15/01/2012 11:06:01;691;173
15/01/2012 11:06:02;682;343
15/01/2012 11:06:04;682;429
15/01/2012 11:06:05;680;599
15/01/2012 11:06:06;682;685
15/01/2012 11:06:25;680;678
15/01/2012 11:06:27;678;678
15/01/2012 11:06:28;678;678
15/01/2012 11:06:30;678;678
15/01/2012 11:06:31;678;678
15/01/2012 11:06:32;678;678
15/01/2012 11:06:34;678;678
15/01/2012 11:06:35;682;678
15/01/2012 11:06:37;680;678
15/01/2012 11:06:38;680;678
15/01/2012 11:06:40;680;678
15/01/2012 11:06:41;680;678
15/01/2012 11:06:59;682;682
15/01/2012 11:07:00;685;682
15/01/2012 11:07:02;682;682
15/01/2012 11:07:03;685;682
15/01/2012 11:07:04;685;682
15/01/2012 11:07:06;685;682
15/01/2012 11:07:07;682;682
15/01/2012 11:07:09;685;682
15/01/2012 11:07:10;682;682
15/01/2012 11:07:12;682;682
15/01/2012 11:07:13;682;682
15/01/2012 11:07:15;682;682
15/01/2012 11:07:25;211;623
15/01/2012 11:07:26;0;537
15/01/2012 11:07:27;0;452
15/01/2012 11:07:29;0;281
15/01/2012 11:07:30;0;196
15/01/2012 11:07:32;0;26

16/01/2012 10:44:28;154;19
16/01/2012 10:44:29;714;198
16/01/2012 10:44:31;710;286
16/01/2012 10:44:32;710;465
16/01/2012 10:44:33;708;552
16/01/2012 10:44:36;708;708
16/01/2012 10:44:38;708;708
16/01/2012 10:44:39;708;708
16/01/2012 10:44:41;706;708
16/01/2012 10:44:42;708;708
16/01/2012 10:44:44;708;708
16/01/2012 10:44:45;706;706
16/01/2012 10:44:47;706;706
16/01/2012 10:44:48;708;706
16/01/2012 10:44:49;706;706
16/01/2012 10:44:51;706;706
16/01/2012 10:44:52;706;706
16/01/2012 10:44:54;704;704
16/01/2012 10:44:55;706;704
16/01/2012 10:44:57;704;704
16/01/2012 10:44:58;706;704
16/01/2012 10:44:59;706;704
16/01/2012 10:45:01;706;704
16/01/2012 10:45:02;706;704
16/01/2012 10:45:04;704;704
16/01/2012 10:45:05;704;704
16/01/2012 10:45:07;708;706
16/01/2012 10:45:08;706;706
16/01/2012 10:45:09;706;706
16/01/2012 10:45:11;706;706
16/01/2012 10:45:12;708;706
16/01/2012 10:45:14;708;706
16/01/2012 10:45:15;708;706
16/01/2012 10:45:17;708;706
16/01/2012 10:45:18;706;706
16/01/2012 10:45:20;708;706
16/01/2012 10:45:21;706;706
16/01/2012 10:45:23;706;706
16/01/2012 10:45:24;706;706
16/01/2012 10:45:25;704;706
16/01/2012 10:45:27;704;704
16/01/2012 10:45:28;704;704
16/01/2012 10:45:30;704;704
16/01/2012 10:45:31;706;704
16/01/2012 10:45:33;704;704
16/01/2012 10:45:34;706;704
16/01/2012 10:45:35;704;704
16/01/2012 10:45:37;704;704
16/01/2012 10:45:38;704;704
16/01/2012 10:45:40;704;704
16/01/2012 10:45:41;706;704
16/01/2012 10:45:43;706;704
16/01/2012 10:45:44;706;704
16/01/2012 10:45:46;706;704
16/01/2012 10:45:47;706;704
16/01/2012 10:45:48;706;704
16/01/2012 10:45:50;704;704
16/01/2012 10:45:51;706;704
16/01/2012 10:45:53;706;706
16/01/2012 10:45:54;706;706
16/01/2012 10:45:56;704;704
16/01/2012 10:45:57;706;704
16/01/2012 10:45:59;704;704
16/01/2012 10:46:00;706;704
16/01/2012 10:46:01;706;704
16/01/2012 10:46:03;706;704
16/01/2012 10:46:04;704;704
16/01/2012 10:46:06;706;704
16/01/2012 10:46:07;704;704
16/01/2012 10:46:09;704;704
16/01/2012 10:46:10;706;704
16/01/2012 10:46:11;704;704
16/01/2012 10:46:13;706;704
16/01/2012 10:46:14;704;704
16/01/2012 10:46:16;706;704
16/01/2012 10:46:17;706;704
16/01/2012 10:46:19;704;704
16/01/2012 10:46:20;207;642
16/01/2012 10:46:21;0;554
16/01/2012 10:46:23;0;377
16/01/2012 10:46:26;0;113
16/01/2012 10:46:27;0;26

17/01/2012 10:28:40;744;151
17/01/2012 10:28:42;736;243
17/01/2012 10:28:43;736;335
17/01/2012 10:28:45;734;518
17/01/2012 10:28:47;731;734
17/01/2012 10:28:49;731;731
17/01/2012 10:28:53;729;731
17/01/2012 10:28:55;731;729
17/01/2012 10:28:58;731;729
17/01/2012 10:28:59;729;729
17/01/2012 10:28:59;729;729
17/01/2012 10:28:59;731;729
17/01/2012 10:28:59;729;729
17/01/2012 10:29:00;727;729
17/01/2012 10:29:01;729;729
17/01/2012 10:29:01;727;729
17/01/2012 10:29:01;729;729
17/01/2012 10:29:02;729;729
17/01/2012 10:29:04;729;729
17/01/2012 10:29:05;729;729
17/01/2012 10:29:06;729;729
17/01/2012 10:29:08;731;729
17/01/2012 10:29:09;727;729
17/01/2012 10:29:11;729;729
17/01/2012 10:29:12;727;729
17/01/2012 10:29:14;727;727
17/01/2012 10:29:15;729;727
17/01/2012 10:29:16;729;727
17/01/2012 10:29:18;729;727
17/01/2012 10:29:19;727;727
17/01/2012 10:29:21;729;727
17/01/2012 10:29:22;729;727
17/01/2012 10:29:24;729;727
17/01/2012 10:29:25;727;727
17/01/2012 10:29:27;729;727
17/01/2012 10:29:28;729;727
17/01/2012 10:29:30;729;727
17/01/2012 10:29:31;729;727
17/01/2012 10:29:33;729;727
17/01/2012 10:29:34;729;729
17/01/2012 10:29:36;729;729
17/01/2012 10:29:37;727;727
17/01/2012 10:29:39;729;727
17/01/2012 10:29:40;729;727
17/01/2012 10:29:42;729;727
17/01/2012 10:29:43;727;727
17/01/2012 10:29:44;727;727
17/01/2012 10:29:46;727;727
17/01/2012 10:29:47;727;727
17/01/2012 10:29:49;727;727
17/01/2012 10:29:50;729;727
17/01/2012 10:29:52;727;727
17/01/2012 10:29:53;727;727
17/01/2012 10:29:55;727;727
17/01/2012 10:29:56;727;727
17/01/2012 10:29:57;727;727
17/01/2012 10:29:59;727;727
17/01/2012 10:30:00;725;727
17/01/2012 10:30:02;727;727
17/01/2012 10:30:03;727;725
17/01/2012 10:30:05;725;725
17/01/2012 10:30:06;727;725
17/01/2012 10:30:08;725;725
17/01/2012 10:30:09;725;725
17/01/2012 10:30:10;723;725
17/01/2012 10:30:12;725;725
17/01/2012 10:30:13;725;725
17/01/2012 10:30:15;725;723
17/01/2012 10:30:16;725;723
17/01/2012 10:30:18;727;725
17/01/2012 10:30:19;725;725
17/01/2012 10:30:20;725;725
17/01/2012 10:30:22;725;725
17/01/2012 10:30:23;725;725
17/01/2012 10:30:25;725;725
17/01/2012 10:30:26;727;725
17/01/2012 10:30:28;727;725
17/01/2012 10:30:29;727;725
17/01/2012 10:30:30;725;725
17/01/2012 10:30:32;727;725
17/01/2012 10:30:33;727;725
17/01/2012 10:30:35;616;712
17/01/2012 10:30:36;0;531
17/01/2012 10:30:38;0;439
17/01/2012 10:30:39;0;258
17/01/2012 10:30:40;0;166
17/01/2012 10:30:42;0;77

18/01/2012 11:19:29;467;58
18/01/2012 11:19:30;712;147
18/01/2012 11:19:32;704;322
18/01/2012 11:19:33;704;412
18/01/2012 11:19:34;704;586
18/01/2012 11:19:36;702;674
18/01/2012 11:19:37;702;702
18/01/2012 11:19:39;704;702
18/01/2012 11:19:41;699;702
18/01/2012 11:19:42;699;702
18/01/2012 11:19:43;699;699
18/01/2012 11:19:45;702;699
18/01/2012 11:19:46;699;699
18/01/2012 11:19:48;702;699
18/01/2012 11:19:49;702;699
18/01/2012 11:19:51;702;699
18/01/2012 11:19:52;699;699
18/01/2012 11:19:53;702;699
18/01/2012 11:19:55;702;699
18/01/2012 11:19:56;704;702
18/01/2012 11:19:58;704;702
18/01/2012 11:19:59;704;702
18/01/2012 11:20:01;702;702
18/01/2012 11:20:02;702;702
18/01/2012 11:20:03;704;702
18/01/2012 11:20:05;704;702
18/01/2012 11:20:06;704;702
18/01/2012 11:20:08;704;702
18/01/2012 11:20:09;704;702
18/01/2012 11:20:11;704;704
18/01/2012 11:20:12;704;702
18/01/2012 11:20:13;702;702
18/01/2012 11:20:15;704;702
18/01/2012 11:20:16;702;702
18/01/2012 11:20:18;702;702
18/01/2012 11:20:19;702;702
18/01/2012 11:20:21;702;702
18/01/2012 11:20:22;704;702
18/01/2012 11:20:23;702;702
18/01/2012 11:20:25;702;702
18/01/2012 11:20:26;704;702
18/01/2012 11:20:28;702;702
18/01/2012 11:20:29;702;702
18/01/2012 11:20:31;702;702
18/01/2012 11:20:32;702;702
18/01/2012 11:20:33;702;702
18/01/2012 11:20:35;702;699
18/01/2012 11:20:36;702;699
18/01/2012 11:20:38;702;699
18/01/2012 11:20:39;702;702
18/01/2012 11:20:41;702;702
18/01/2012 11:20:42;702;702
18/01/2012 11:20:44;704;702
18/01/2012 11:20:45;702;702
18/01/2012 11:20:46;702;702
18/01/2012 11:20:48;702;702
18/01/2012 11:20:49;699;702
18/01/2012 11:20:51;702;702
18/01/2012 11:20:52;699;699
18/01/2012 11:20:54;702;699
18/01/2012 11:20:55;702;699
18/01/2012 11:20:56;702;699
18/01/2012 11:20:58;723;704
18/01/2012 11:20:59;729;706
18/01/2012 11:21:02;731;719
18/01/2012 11:21:04;731;721
18/01/2012 11:21:05;731;729
18/01/2012 11:21:06;729;729
18/01/2012 11:21:08;731;729
18/01/2012 11:21:09;731;729
18/01/2012 11:21:11;731;729
18/01/2012 11:21:12;731;729
18/01/2012 11:21:13;731;729
18/01/2012 11:21:16;729;729
18/01/2012 11:21:17;731;729
18/01/2012 11:21:19;727;729
18/01/2012 11:21:20;731;729
18/01/2012 11:21:22;731;729
18/01/2012 11:21:23;729;729
18/01/2012 11:21:24;729;729
18/01/2012 11:21:26;731;729
18/01/2012 11:21:27;0;552
18/01/2012 11:21:29;0;461
18/01/2012 11:21:30;0;369
18/01/2012 11:21:32;0;188
18/01/2012 11:21:33;0;96


20/01/2012 11:45:03;723;158
20/01/2012 11:45:05;719;247
20/01/2012 11:45:06;717;426
20/01/2012 11:45:08;717;516
20/01/2012 11:45:09;714;695
20/01/2012 11:45:10;719;717
20/01/2012 11:45:12;717;717
20/01/2012 11:45:13;714;717
20/01/2012 11:45:15;719;717
20/01/2012 11:45:16;717;717
20/01/2012 11:45:18;719;717
20/01/2012 11:45:19;717;717
20/01/2012 11:45:21;719;717
20/01/2012 11:45:22;717;717
20/01/2012 11:45:23;714;717
20/01/2012 11:45:25;717;717
20/01/2012 11:45:26;717;717
20/01/2012 11:45:28;717;717
20/01/2012 11:45:34;714;714
20/01/2012 11:45:35;714;714
20/01/2012 11:45:37;714;714
20/01/2012 11:45:38;717;714
20/01/2012 11:45:40;714;714
20/01/2012 11:45:41;714;714
20/01/2012 11:45:43;712;714
20/01/2012 11:45:44;714;714
20/01/2012 11:45:45;714;714
20/01/2012 11:45:47;717;714
20/01/2012 11:45:48;714;714
20/01/2012 11:45:50;714;714
20/01/2012 11:45:51;712;714
20/01/2012 11:45:53;714;714
20/01/2012 11:45:54;717;714
20/01/2012 11:45:55;714;714
20/01/2012 11:45:57;717;714
20/01/2012 11:45:58;714;714
20/01/2012 11:46:00;714;714
20/01/2012 11:46:01;714;714
20/01/2012 11:46:03;714;714
20/01/2012 11:46:04;712;714
20/01/2012 11:46:06;714;712
20/01/2012 11:46:07;712;712
20/01/2012 11:46:08;714;712
20/01/2012 11:46:10;712;712
20/01/2012 11:46:11;712;712
20/01/2012 11:46:13;714;712
20/01/2012 11:46:14;712;712
20/01/2012 11:46:16;714;712
20/01/2012 11:46:17;712;712
20/01/2012 11:46:19;714;712
20/01/2012 11:46:20;712;712
20/01/2012 11:46:21;712;712
20/01/2012 11:46:23;710;712
20/01/2012 11:46:24;710;712
20/01/2012 11:46:26;712;712
20/01/2012 11:46:27;714;712
20/01/2012 11:46:29;714;712
20/01/2012 11:46:30;714;712
20/01/2012 11:46:31;717;712
20/01/2012 11:46:33;712;712
20/01/2012 11:46:34;714;712
20/01/2012 11:46:36;714;712
20/01/2012 11:46:37;714;712
20/01/2012 11:46:39;714;712
20/01/2012 11:46:40;712;712
20/01/2012 11:46:41;714;712
20/01/2012 11:46:43;714;712
20/01/2012 11:46:44;712;712
20/01/2012 11:46:46;712;712
20/01/2012 11:46:47;712;712
20/01/2012 11:46:49;710;712
20/01/2012 11:46:50;712;712
20/01/2012 11:46:52;714;712
20/01/2012 11:46:53;712;712
20/01/2012 11:46:54;712;712
20/01/2012 11:46:56;712;712
20/01/2012 11:46:57;712;712
20/01/2012 11:46:59;258;655
20/01/2012 11:47:00;0;478
20/01/2012 11:47:02;0;388
20/01/2012 11:47:03;0;209
20/01/2012 11:47:04;0;119
20/01/2012 11:47:06;0;32


01/09/2011 19:15:53;691;183
01/09/2011 19:15:55;687;441
01/09/2011 19:15:58;685;614
01/09/2011 19:16:00;685;685
01/09/2011 19:16:03;685;685
01/09/2011 19:16:05;685;685
01/09/2011 19:16:06;685;685
01/09/2011 19:16:09;685;685
01/09/2011 19:16:12;685;685
01/09/2011 19:16:14;685;685
01/09/2011 19:16:17;685;685
01/09/2011 19:16:18;685;685
01/09/2011 19:16:21;685;682
01/09/2011 19:16:23;685;682
01/09/2011 19:16:26;685;682
01/09/2011 19:16:28;682;682
01/09/2011 19:16:31;685;682
01/09/2011 19:16:33;685;682
01/09/2011 19:16:34;685;682
01/09/2011 19:16:35;682;682
01/09/2011 19:16:38;682;682
01/09/2011 19:16:55;685;682
01/09/2011 19:16:57;685;682
01/09/2011 19:17:00;682;682
01/09/2011 19:17:07;680;678
01/09/2011 19:17:10;676;678
01/09/2011 19:17:12;678;678
01/09/2011 19:17:15;676;676
01/09/2011 19:17:17;678;676
01/09/2011 19:17:19;678;676
01/09/2011 19:17:21;678;676
01/09/2011 19:17:24;680;678
01/09/2011 19:17:26;680;678
01/09/2011 19:17:29;678;678
01/09/2011 19:17:31;678;678
01/09/2011 19:17:32;678;678
01/09/2011 19:17:35;678;678
01/09/2011 19:17:37;680;678
01/09/2011 19:17:40;678;678
01/09/2011 19:17:43;680;678
01/09/2011 19:17:45;678;678
01/09/2011 19:17:48;678;678
01/09/2011 19:17:50;680;678
01/09/2011 19:17:53;678;678
01/09/2011 19:17:55;678;678
01/09/2011 19:17:58;678;678
01/09/2011 19:18:00;678;678
01/09/2011 19:18:03;680;678
01/09/2011 19:18:05;678;678
01/09/2011 19:18:08;678;678
01/09/2011 19:18:10;678;678
01/09/2011 19:18:13;0;569
01/09/2011 19:18:15;0;401
01/09/2011 19:18:18;0;147

02/09/2011 07:51:30;672;102
02/09/2011 07:51:32;670;269
02/09/2011 07:51:35;672;522
02/09/2011 07:51:40;672;672
02/09/2011 07:51:45;674;672
02/09/2011 07:51:47;672;672
02/09/2011 07:51:49;672;672
02/09/2011 07:52:20;661;667
02/09/2011 07:52:22;659;665
02/09/2011 07:52:25;659;661
02/09/2011 07:52:27;657;659
02/09/2011 07:52:30;659;659
02/09/2011 07:52:32;661;659
02/09/2011 07:52:35;670;661
02/09/2011 07:52:37;667;663
02/09/2011 07:52:40;667;665
02/09/2011 07:52:42;670;667
02/09/2011 07:52:45;670;667
02/09/2011 07:52:48;667;667
02/09/2011 07:52:50;667;667
02/09/2011 07:52:53;670;667
02/09/2011 07:52:55;667;667
02/09/2011 07:52:56;670;667
02/09/2011 07:52:59;670;667
02/09/2011 07:53:01;670;667
02/09/2011 07:53:19;667;667
02/09/2011 07:53:22;670;667
02/09/2011 07:53:24;659;665
02/09/2011 07:53:27;657;661
02/09/2011 07:53:32;0;271
02/09/2011 07:56:40;531;66
02/09/2011 07:56:41;667;232
02/09/2011 07:56:44;665;482
02/09/2011 07:56:46;665;648
02/09/2011 07:56:49;665;665
02/09/2011 07:56:51;665;665
02/09/2011 07:56:54;665;665
02/09/2011 07:56:57;663;663
02/09/2011 07:56:59;663;663
02/09/2011 07:57:02;665;663
02/09/2011 07:57:04;663;663
02/09/2011 07:57:07;665;663
02/09/2011 07:57:09;665;663
02/09/2011 07:57:12;665;663
02/09/2011 07:57:15;665;663
02/09/2011 07:57:17;665;663
02/09/2011 07:57:18;663;663
02/09/2011 07:57:21;663;663
02/09/2011 07:57:23;663;663
02/09/2011 07:57:26;663;663
02/09/2011 07:57:29;665;663
02/09/2011 07:57:31;667;663
02/09/2011 07:57:34;670;665
02/09/2011 07:57:36;670;667
02/09/2011 07:57:39;667;667
02/09/2011 07:57:44;674;672
02/09/2011 07:57:46;672;672
02/09/2011 07:57:49;670;672
02/09/2011 07:57:52;674;672
02/09/2011 07:57:54;674;672
02/09/2011 07:57:57;674;672
02/09/2011 07:57:59;672;672
02/09/2011 07:58:02;672;672
02/09/2011 07:58:04;674;672
02/09/2011 07:58:07;676;674
02/09/2011 07:58:10;674;674
02/09/2011 07:58:14;676;674
02/09/2011 07:58:17;674;674
02/09/2011 07:58:19;676;674
02/09/2011 07:58:22;676;674
02/09/2011 07:58:24;674;674
02/09/2011 07:58:27;674;672
02/09/2011 07:58:29;674;672
02/09/2011 07:58:32;674;672
02/09/2011 07:58:34;676;672
02/09/2011 07:58:37;674;674
02/09/2011 07:58:40;674;674
02/09/2011 07:58:42;674;674
02/09/2011 07:58:45;672;674
02/09/2011 07:58:47;674;672
02/09/2011 07:58:50;672;672
02/09/2011 07:58:51;674;672
02/09/2011 07:58:52;672;672
02/09/2011 07:58:54;324;629
02/09/2011 07:58:55;0;461
02/09/2011 07:58:56;0;375
02/09/2011 07:58:57;0;292
02/09/2011 07:58:59;0;124
02/09/2011 07:59:00;0;41
02/09/2011 08:00:11;682;149
02/09/2011 08:00:14;678;405
02/09/2011 08:00:16;680;576
02/09/2011 08:00:19;678;678
02/09/2011 08:00:21;678;678
02/09/2011 08:00:24;678;678
02/09/2011 08:00:26;678;676
02/09/2011 08:00:29;676;676
02/09/2011 08:00:30;678;676
02/09/2011 08:00:31;676;676
02/09/2011 08:00:32;676;676
02/09/2011 08:00:33;676;676
02/09/2011 08:00:36;676;676
02/09/2011 08:00:38;678;676
02/09/2011 08:00:41;678;676
02/09/2011 08:00:43;678;678
02/09/2011 08:00:46;680;678
02/09/2011 08:00:48;678;678
02/09/2011 08:00:51;678;678
02/09/2011 08:00:54;678;678
02/09/2011 08:00:56;678;678
02/09/2011 08:00:59;678;676
02/09/2011 08:01:01;678;676
02/09/2011 08:01:04;678;676
02/09/2011 08:01:06;676;676
02/09/2011 08:01:09;678;676
02/09/2011 08:01:11;676;676
02/09/2011 08:01:14;676;676
02/09/2011 08:01:17;676;676
02/09/2011 08:01:19;676;676
02/09/2011 08:01:22;676;674
02/09/2011 08:01:24;676;676
02/09/2011 08:01:27;676;676
02/09/2011 08:01:29;676;676
02/09/2011 08:01:32;676;676
02/09/2011 08:01:34;676;676
02/09/2011 08:01:37;678;676
02/09/2011 08:01:39;678;676
02/09/2011 08:01:42;676;676
02/09/2011 08:01:45;680;676
02/09/2011 08:01:47;678;676
02/09/2011 08:01:50;678;678
02/09/2011 08:01:52;678;676
02/09/2011 08:01:55;678;676
02/09/2011 08:01:57;678;676
02/09/2011 08:02:00;676;676
02/09/2011 08:02:02;674;676
02/09/2011 08:02:05;676;674
02/09/2011 08:02:08;676;674
02/09/2011 08:02:10;678;676
02/09/2011 08:02:13;678;676
02/09/2011 08:02:15;676;676
02/09/2011 08:02:18;676;676
02/09/2011 08:02:20;676;676
02/09/2011 08:02:23;676;676
02/09/2011 08:02:28;0;296
02/09/2011 08:02:31;0;126
02/09/2011 17:25:04;702;92
02/09/2011 17:25:12;685;685
02/09/2011 17:25:14;685;685
02/09/2011 17:25:17;685;685
02/09/2011 17:25:19;685;682
02/09/2011 17:25:22;682;682
02/09/2011 17:25:25;682;682
02/09/2011 17:25:40;678;678
02/09/2011 17:25:43;678;678
02/09/2011 17:25:46;680;678
02/09/2011 17:25:48;680;678
02/09/2011 17:26:33;0;484
02/09/2011 17:26:36;0;313
02/09/2011 17:31:06;689;156
02/09/2011 17:31:09;685;326
02/09/2011 17:31:12;682;582
02/09/2011 17:31:14;682;682
02/09/2011 17:31:17;685;682
02/09/2011 17:31:40;682;682
02/09/2011 17:32:05;682;682
02/09/2011 17:32:08;682;682
02/09/2011 17:32:10;680;682
02/09/2011 17:33:12;616;672
02/09/2011 17:33:14;0;416
02/09/2011 17:33:17;0;245
02/09/2011 19:37:34;194;23
02/09/2011 19:37:37;680;194
02/09/2011 19:37:42;680;621
02/09/2011 19:37:47;678;678
02/09/2011 19:37:49;680;678
02/09/2011 19:37:51;678;678
02/09/2011 19:37:54;678;678
02/09/2011 19:37:56;678;678
02/09/2011 19:37:59;676;676
02/09/2011 19:38:01;676;676
02/09/2011 19:38:04;678;676
02/09/2011 19:38:07;676;676
02/09/2011 19:38:09;676;676
02/09/2011 19:38:12;676;676
02/09/2011 19:38:14;676;676
02/09/2011 19:38:17;676;676
02/09/2011 19:38:19;676;676
02/09/2011 19:38:22;674;674
02/09/2011 19:38:25;676;674
02/09/2011 19:38:27;676;674
02/09/2011 19:38:30;676;674
02/09/2011 19:38:32;676;674
02/09/2011 19:38:35;676;674
02/09/2011 19:38:38;674;674
02/09/2011 19:38:40;674;674
02/09/2011 19:38:43;674;674
02/09/2011 19:38:45;674;672
02/09/2011 19:38:48;672;672
02/09/2011 19:38:51;672;672
02/09/2011 19:38:53;676;672
02/09/2011 19:38:56;674;674
02/09/2011 19:38:58;674;674
02/09/2011 19:39:01;674;674
02/09/2011 19:39:03;676;674
02/09/2011 19:39:06;674;674
02/09/2011 19:39:09;674;674
02/09/2011 19:39:11;676;674
02/09/2011 19:39:14;674;674
02/09/2011 19:39:16;674;674
02/09/2011 19:39:19;674;674
02/09/2011 19:39:22;674;674
02/09/2011 19:39:24;674;674
02/09/2011 19:39:27;674;674
02/09/2011 19:39:29;674;674
02/09/2011 19:39:32;676;674
02/09/2011 19:39:35;674;674
02/09/2011 19:39:37;674;674
02/09/2011 19:39:41;0;403
02/09/2011 19:39:42;0;318
02/09/2011 19:39:45;0;66
02/09/2011 19:52:21;685;151
02/09/2011 19:52:23;680;322
02/09/2011 19:52:26;678;576
02/09/2011 19:52:28;676;678
02/09/2011 19:52:31;676;676
02/09/2011 19:52:34;678;676
02/09/2011 19:52:36;676;676
02/09/2011 19:52:39;676;676
02/09/2011 19:52:41;676;676
02/09/2011 19:52:44;676;676
02/09/2011 19:52:46;676;676
02/09/2011 19:52:49;676;676
02/09/2011 19:52:52;676;676
02/09/2011 19:52:54;674;674
02/09/2011 19:52:57;674;674
02/09/2011 19:52:59;676;674
02/09/2011 19:53:02;676;674
02/09/2011 19:53:04;676;674
02/09/2011 19:53:07;674;674
02/09/2011 19:53:10;676;674
02/09/2011 19:53:12;674;674
02/09/2011 19:53:15;674;674
02/09/2011 19:53:17;674;674
02/09/2011 19:53:20;674;674
02/09/2011 19:53:23;674;674
02/09/2011 19:53:25;676;674
02/09/2011 19:53:28;676;674
02/09/2011 19:53:30;676;674
02/09/2011 19:53:33;676;674
02/09/2011 19:53:36;674;674
02/09/2011 19:53:38;674;674
02/09/2011 19:53:41;674;674
02/09/2011 19:53:44;674;674
02/09/2011 19:53:46;674;674
02/09/2011 19:53:49;676;674
02/09/2011 19:53:51;674;674
02/09/2011 19:53:54;674;674
02/09/2011 19:53:55;672;674
02/09/2011 19:53:58;674;672
02/09/2011 19:54:00;674;674
02/09/2011 19:54:03;674;674
02/09/2011 19:54:05;674;674
02/09/2011 19:54:08;674;674
02/09/2011 19:54:11;676;674
02/09/2011 19:54:13;674;674
02/09/2011 19:54:16;674;674
02/09/2011 19:54:18;674;674
02/09/2011 19:54:21;672;674
02/09/2011 19:54:23;0;501
02/09/2011 19:54:25;0;418
02/09/2011 19:54:26;0;333
02/09/2011 19:54:27;0;164
02/09/2011 19:54:29;0;81
02/09/2011 19:57:20;335;41
02/09/2011 19:57:21;685;126
02/09/2011 19:57:22;680;211
02/09/2011 19:57:23;680;296
02/09/2011 19:57:24;678;382
02/09/2011 19:57:25;678;467
02/09/2011 19:57:27;678;635
02/09/2011 19:57:28;680;678
02/09/2011 19:57:29;678;678
02/09/2011 19:57:30;678;678
02/09/2011 19:57:31;678;678
02/09/2011 19:57:32;678;678
02/09/2011 19:57:33;680;678
02/09/2011 19:57:34;678;678
02/09/2011 19:57:35;678;678
02/09/2011 19:57:38;678;678
02/09/2011 19:57:40;678;676
02/09/2011 19:57:43;678;676
02/09/2011 19:57:45;676;676
02/09/2011 19:57:48;678;676
02/09/2011 19:57:50;676;676
02/09/2011 19:57:53;676;676
02/09/2011 19:57:56;676;676
02/09/2011 19:57:58;678;676
02/09/2011 19:58:01;678;676
02/09/2011 19:58:03;676;676
02/09/2011 19:58:06;676;676
02/09/2011 19:58:09;678;676
02/09/2011 19:58:11;678;676
02/09/2011 19:58:14;678;676
02/09/2011 19:58:16;676;676
02/09/2011 19:58:19;676;676
02/09/2011 19:58:22;678;676
02/09/2011 19:58:24;676;676
02/09/2011 19:58:27;676;676
02/09/2011 19:58:29;676;676
02/09/2011 19:58:32;674;676
02/09/2011 19:58:34;676;676
02/09/2011 19:58:37;678;676
02/09/2011 19:58:40;678;676
02/09/2011 19:58:42;678;676
02/09/2011 19:58:45;676;676
02/09/2011 19:58:47;678;676
02/09/2011 19:58:50;678;676
02/09/2011 19:58:53;676;676
02/09/2011 19:58:55;676;676
02/09/2011 19:58:58;678;676
02/09/2011 19:59:00;676;676
02/09/2011 19:59:03;678;676
02/09/2011 19:59:05;678;676
02/09/2011 19:59:08;676;676
02/09/2011 19:59:11;676;676
02/09/2011 19:59:13;678;676
02/09/2011 19:59:16;678;676
02/09/2011 19:59:18;676;676
02/09/2011 19:59:21;676;676
02/09/2011 19:59:23;0;501
02/09/2011 19:59:26;0;333
02/09/2011 19:59:29;0;79

03/09/2011 08:34:05;522;64
03/09/2011 08:34:07;655;311
03/09/2011 08:34:10;655;476
03/09/2011 08:34:13;655;655
03/09/2011 08:34:15;655;655
03/09/2011 08:34:18;661;655
03/09/2011 08:34:20;663;657
03/09/2011 08:34:23;663;659
03/09/2011 08:34:25;661;661
03/09/2011 08:34:28;663;661
03/09/2011 08:34:30;665;661
03/09/2011 08:34:33;663;661
03/09/2011 08:34:35;663;663
03/09/2011 08:34:38;663;663
03/09/2011 08:34:41;661;661
03/09/2011 08:34:43;663;661
03/09/2011 08:34:46;663;661
03/09/2011 08:34:49;663;663
03/09/2011 08:34:51;661;661
03/09/2011 08:34:53;661;661
03/09/2011 08:34:56;661;661
03/09/2011 08:34:58;661;661
03/09/2011 08:35:01;661;661
03/09/2011 08:35:04;665;661
03/09/2011 08:35:06;655;659
03/09/2011 08:35:09;653;657
03/09/2011 08:35:11;650;653
03/09/2011 08:35:22;659;653
03/09/2011 08:35:24;663;655
03/09/2011 08:35:27;661;659
03/09/2011 08:35:29;663;661
03/09/2011 08:35:32;663;661
03/09/2011 08:35:34;663;661
03/09/2011 08:35:37;663;661
03/09/2011 08:35:39;663;661
03/09/2011 08:35:42;661;661
03/09/2011 08:35:44;659;661
03/09/2011 08:35:46;657;659
03/09/2011 08:35:49;659;659
03/09/2011 08:35:51;659;657
03/09/2011 08:35:54;661;657
03/09/2011 08:35:57;661;659
03/09/2011 08:35:59;661;661
03/09/2011 08:36:02;663;661
03/09/2011 08:36:06;661;661
03/09/2011 08:36:07;661;661
03/09/2011 08:36:10;0;444
03/09/2011 08:36:12;0;277
03/09/2011 08:38:44;224;28
03/09/2011 08:38:46;663;194
03/09/2011 08:38:49;659;441
03/09/2011 08:38:51;661;661
03/09/2011 08:38:54;663;659
03/09/2011 08:38:57;663;661
03/09/2011 08:38:59;661;661
03/09/2011 08:39:02;661;661
03/09/2011 08:39:04;663;661
03/09/2011 08:39:07;661;661
03/09/2011 08:39:09;659;661
03/09/2011 08:39:12;661;661
03/09/2011 08:39:14;661;659
03/09/2011 08:39:17;661;659
03/09/2011 08:39:19;659;659
03/09/2011 08:39:22;661;659
03/09/2011 08:39:24;659;659
03/09/2011 08:39:26;661;659
03/09/2011 08:39:28;661;659
03/09/2011 08:39:31;661;659
03/09/2011 08:39:33;661;659
03/09/2011 08:39:36;661;659
03/09/2011 08:39:38;661;659
03/09/2011 08:39:41;661;659
03/09/2011 08:39:44;661;659
03/09/2011 08:39:46;661;659
03/09/2011 08:39:49;659;659
03/09/2011 08:39:50;659;659
03/09/2011 08:39:52;659;659
03/09/2011 08:39:55;659;659
03/09/2011 08:39:57;657;657
03/09/2011 08:40:00;657;657
03/09/2011 08:40:02;659;657
03/09/2011 08:40:05;659;657
03/09/2011 08:40:08;659;659
03/09/2011 08:40:10;657;659
03/09/2011 08:40:13;659;659
03/09/2011 08:40:15;659;659
03/09/2011 08:40:18;659;659
03/09/2011 08:40:20;659;659
03/09/2011 08:40:23;659;657
03/09/2011 08:40:25;659;657
03/09/2011 08:40:28;659;657
03/09/2011 08:40:30;659;657
03/09/2011 08:40:33;659;659
03/09/2011 08:40:35;659;657
03/09/2011 08:40:38;659;659
03/09/2011 08:40:41;661;659
03/09/2011 08:40:43;661;659
03/09/2011 08:40:46;659;659
03/09/2011 08:40:48;0;533
03/09/2011 08:40:51;0;286
03/09/2011 08:40:53;0;38
03/09/2011 08:50:22;691;94
03/09/2011 08:50:25;682;264
03/09/2011 08:50:28;680;518
03/09/2011 08:50:29;682;603
03/09/2011 08:50:30;680;682
03/09/2011 08:50:38;678;678
03/09/2011 08:50:39;680;678
03/09/2011 08:50:41;680;678
03/09/2011 08:50:43;678;678
03/09/2011 08:50:46;680;678
03/09/2011 08:50:48;680;678
03/09/2011 08:50:51;678;678
03/09/2011 08:50:52;678;678
03/09/2011 08:50:55;678;678
03/09/2011 08:50:57;680;678
03/09/2011 08:51:00;678;678
03/09/2011 08:51:03;678;678
03/09/2011 08:51:05;678;678
03/09/2011 08:51:08;678;678
03/09/2011 08:51:10;680;678
03/09/2011 08:51:13;678;678
03/09/2011 08:51:15;678;678
03/09/2011 08:51:18;676;676
03/09/2011 08:51:21;678;676
03/09/2011 08:51:23;676;676
03/09/2011 08:51:26;678;676
03/09/2011 08:51:28;676;676
03/09/2011 08:51:31;678;676
03/09/2011 08:51:33;678;676
03/09/2011 08:51:36;678;676
03/09/2011 08:51:39;676;676
03/09/2011 08:51:41;678;676
03/09/2011 08:51:44;678;676
03/09/2011 08:51:46;678;676
03/09/2011 08:51:49;678;676
03/09/2011 08:51:51;678;678
03/09/2011 08:51:54;678;678
03/09/2011 08:51:56;678;678
03/09/2011 08:51:59;678;678
03/09/2011 08:52:01;678;678
03/09/2011 08:52:04;680;678
03/09/2011 08:52:07;678;678
03/09/2011 08:52:09;678;678
03/09/2011 08:52:12;678;676
03/09/2011 08:52:14;678;678
03/09/2011 08:52:17;678;678
03/09/2011 08:52:19;678;678
03/09/2011 08:52:22;678;678
03/09/2011 08:52:24;290;629
03/09/2011 08:52:27;0;458
03/09/2011 08:52:30;0;205
03/09/2011 08:52:32;0;36

04/09/2011 11:24:48;203;23
04/09/2011 11:24:49;691;111
04/09/2011 11:24:52;682;367
04/09/2011 11:24:54;678;537
04/09/2011 11:24:57;672;678
04/09/2011 11:24:59;670;674
04/09/2011 11:25:06;672;667
04/09/2011 11:25:08;678;672
04/09/2011 11:25:11;680;676
04/09/2011 11:25:13;680;678
04/09/2011 11:25:16;680;678
04/09/2011 11:25:19;680;678
04/09/2011 11:25:21;678;678
04/09/2011 11:25:24;678;678
04/09/2011 11:25:26;678;678
04/09/2011 11:25:29;676;676
04/09/2011 11:25:30;676;676
04/09/2011 11:25:32;676;676
04/09/2011 11:25:35;678;676
04/09/2011 11:25:38;678;676
04/09/2011 11:25:40;680;676
04/09/2011 11:25:43;678;678
04/09/2011 11:25:45;680;678
04/09/2011 11:25:48;680;678
04/09/2011 11:25:50;680;678
04/09/2011 11:25:53;678;678
04/09/2011 11:25:55;678;678
04/09/2011 11:25:58;676;676
04/09/2011 11:26:01;678;676
04/09/2011 11:26:02;678;676
04/09/2011 11:26:04;678;678
04/09/2011 11:26:07;678;678
04/09/2011 11:26:10;678;678
04/09/2011 11:26:12;678;678
04/09/2011 11:26:15;678;678
04/09/2011 11:26:17;676;676
04/09/2011 11:26:20;676;676
04/09/2011 11:26:22;678;676
04/09/2011 11:26:25;678;676
04/09/2011 11:26:27;678;676
04/09/2011 11:26:30;680;678
04/09/2011 11:26:32;678;678
04/09/2011 11:26:35;678;678
04/09/2011 11:26:37;678;678
04/09/2011 11:26:40;678;678
04/09/2011 11:26:43;680;678
04/09/2011 11:26:45;678;678
04/09/2011 11:26:48;676;678
04/09/2011 11:26:50;680;678
04/09/2011 11:26:53;73;601
04/09/2011 11:26:55;0;348
04/09/2011 11:26:58;0;177
04/09/2011 19:17:58;674;83
04/09/2011 19:18:00;691;171
04/09/2011 19:18:02;687;341
04/09/2011 19:18:05;687;599
04/09/2011 19:18:07;685;685
04/09/2011 19:18:10;682;685
04/09/2011 19:18:12;685;682
04/09/2011 19:18:15;682;682
04/09/2011 19:18:28;682;682
04/09/2011 19:18:30;682;682
04/09/2011 19:18:58;682;682
04/09/2011 19:19:01;682;682
04/09/2011 19:19:04;682;682
04/09/2011 19:19:24;680;678
04/09/2011 19:19:26;680;678
04/09/2011 19:19:29;680;678
04/09/2011 19:20:02;397;646
04/09/2011 19:20:03;0;476
04/09/2011 19:20:06;0;305
04/09/2011 19:20:08;0;134
04/09/2011 19:20:32;682;228
04/09/2011 19:20:35;682;399
04/09/2011 19:20:37;685;655
04/09/2011 19:20:40;682;682
04/09/2011 19:20:43;682;682
04/09/2011 19:20:45;682;682
04/09/2011 19:21:01;680;678
04/09/2011 19:21:03;680;678
04/09/2011 19:21:26;680;678
04/09/2011 19:21:29;678;678
04/09/2011 19:21:31;678;678
04/09/2011 19:21:34;680;678
04/09/2011 19:21:36;678;678
04/09/2011 19:21:39;680;678
04/09/2011 19:21:41;678;678
04/09/2011 19:21:44;678;678
04/09/2011 19:21:47;678;678
04/09/2011 19:21:49;678;678
04/09/2011 19:21:52;680;678
04/09/2011 19:21:54;680;678
04/09/2011 19:21:57;678;678
04/09/2011 19:21:59;680;678
04/09/2011 19:22:02;678;678
04/09/2011 19:22:05;678;678
04/09/2011 19:22:07;678;678
04/09/2011 19:22:10;680;678
04/09/2011 19:22:12;678;678
04/09/2011 19:22:15;678;678
04/09/2011 19:22:16;678;678
04/09/2011 19:22:19;680;678
04/09/2011 19:22:21;680;678
04/09/2011 19:22:24;678;678
04/09/2011 19:22:27;676;678
04/09/2011 19:22:29;678;678
04/09/2011 19:22:32;678;676
04/09/2011 19:22:33;678;676
04/09/2011 19:22:34;0;557
04/09/2011 19:22:36;0;471
04/09/2011 19:22:37;0;386
04/09/2011 19:22:38;0;301
04/09/2011 19:22:40;0;132
04/09/2011 19:22:41;0;47

05/09/2011 07:51:42;678;213
05/09/2011 07:51:45;676;384
05/09/2011 07:51:47;676;638
05/09/2011 07:51:50;676;676
05/09/2011 07:51:52;676;676
05/09/2011 07:51:55;676;676
05/09/2011 07:51:56;676;676
05/09/2011 07:51:59;674;676
05/09/2011 07:52:02;674;674
05/09/2011 07:52:04;674;674
05/09/2011 07:52:07;676;674
05/09/2011 07:52:09;674;674
05/09/2011 07:52:12;674;672
05/09/2011 07:52:14;674;672
05/09/2011 07:52:17;672;672
05/09/2011 07:52:19;672;672
05/09/2011 07:52:22;672;672
05/09/2011 07:52:24;674;672
05/09/2011 07:52:27;672;672
05/09/2011 07:52:29;672;672
05/09/2011 07:52:32;672;672
05/09/2011 07:52:44;672;672
05/09/2011 07:52:47;672;672
05/09/2011 07:52:49;672;672
05/09/2011 07:52:52;661;667
05/09/2011 07:52:54;661;663
05/09/2011 07:52:57;659;659
05/09/2011 07:53:00;659;659
05/09/2011 07:53:01;659;659
05/09/2011 07:53:04;661;659
05/09/2011 07:53:06;661;659
05/09/2011 07:53:09;661;659
05/09/2011 07:53:11;661;659
05/09/2011 07:53:14;661;661
05/09/2011 07:53:16;661;659
05/09/2011 07:53:19;661;659
05/09/2011 07:53:20;661;659
05/09/2011 07:53:23;661;659
05/09/2011 07:53:24;661;659
05/09/2011 07:53:27;659;659
05/09/2011 07:53:29;661;659
05/09/2011 07:53:33;670;661
05/09/2011 07:53:34;670;663
05/09/2011 07:53:36;670;667
05/09/2011 07:53:44;503;648
05/09/2011 07:53:46;0;397
05/09/2011 08:10:40;676;107
05/09/2011 08:10:42;667;358
05/09/2011 08:10:45;665;525
05/09/2011 08:10:47;667;667
05/09/2011 08:10:50;655;663
05/09/2011 08:10:52;655;659
05/09/2011 08:10:55;655;657
05/09/2011 08:10:56;661;655
05/09/2011 08:10:59;665;657
05/09/2011 08:11:01;665;661
05/09/2011 08:11:04;665;663
05/09/2011 08:11:06;665;665
05/09/2011 08:11:09;665;665
05/09/2011 08:11:11;663;663
05/09/2011 08:11:14;663;663
05/09/2011 08:11:16;665;663
05/09/2011 08:11:19;663;663
05/09/2011 08:11:21;663;663
05/09/2011 08:11:24;499;642
05/09/2011 08:11:27;0;392
05/09/2011 08:11:29;0;145
05/09/2011 08:11:49;672;143
05/09/2011 08:11:51;665;226
05/09/2011 08:11:54;667;309
05/09/2011 08:11:55;665;559
05/09/2011 08:12:00;665;665
05/09/2011 08:12:03;667;665
05/09/2011 08:12:06;665;665
05/09/2011 08:12:08;665;665
05/09/2011 08:12:11;665;665
05/09/2011 08:12:13;104;595
05/09/2011 08:12:16;0;426
05/09/2011 08:12:20;0;96
05/09/2011 08:12:21;0;13
05/09/2011 08:13:32;674;171
05/09/2011 08:13:35;672;422
05/09/2011 08:13:37;670;672
05/09/2011 08:13:42;667;667
05/09/2011 08:13:45;670;667
05/09/2011 08:13:47;667;667
05/09/2011 08:13:50;667;667
05/09/2011 08:13:52;665;665
05/09/2011 08:13:55;665;665
05/09/2011 08:13:57;665;665
05/09/2011 08:14:00;667;665
05/09/2011 08:14:02;667;665
05/09/2011 08:14:05;665;665
05/09/2011 08:14:08;665;665
05/09/2011 08:14:10;665;663
05/09/2011 08:14:13;665;663
05/09/2011 08:14:15;665;663
05/09/2011 08:14:18;663;663
05/09/2011 08:14:20;663;663
05/09/2011 08:14:23;663;663
05/09/2011 08:14:25;661;661
05/09/2011 08:14:28;661;661
05/09/2011 08:14:31;661;661
05/09/2011 08:14:33;661;661
05/09/2011 08:14:36;661;661
05/09/2011 08:14:38;661;659
05/09/2011 08:14:41;659;661
05/09/2011 08:14:43;661;661
05/09/2011 08:14:46;663;661
05/09/2011 08:14:48;661;661
05/09/2011 08:14:51;663;661
05/09/2011 08:14:53;661;661
05/09/2011 08:14:56;663;661
05/09/2011 08:14:59;659;661
05/09/2011 08:15:01;661;661
05/09/2011 08:15:04;661;659
05/09/2011 08:15:06;659;659
05/09/2011 08:15:08;659;659
05/09/2011 08:15:09;661;659
05/09/2011 08:15:10;659;659
05/09/2011 08:15:11;659;659
05/09/2011 08:15:12;659;659
05/09/2011 08:15:13;661;659
05/09/2011 08:15:15;661;659
05/09/2011 08:15:16;661;659
05/09/2011 08:15:17;661;659
05/09/2011 08:15:18;661;659
05/09/2011 08:15:19;661;659
05/09/2011 08:15:20;659;659
05/09/2011 08:15:22;661;659
05/09/2011 08:15:23;661;659
05/09/2011 08:15:24;661;659
05/09/2011 08:15:25;659;659
05/09/2011 08:15:26;661;659
05/09/2011 08:15:27;661;659
05/09/2011 08:15:29;663;661
05/09/2011 08:15:30;661;661
05/09/2011 08:15:31;663;661
05/09/2011 08:15:32;663;661
05/09/2011 08:15:33;661;661
05/09/2011 08:15:34;661;661
05/09/2011 08:15:36;661;661
05/09/2011 08:15:37;68;586
05/09/2011 08:15:38;0;503
05/09/2011 08:15:39;0;339
05/09/2011 08:15:40;0;256
05/09/2011 08:15:42;0;173
05/09/2011 08:15:44;0;9
05/09/2011 19:31:44;689;132
05/09/2011 19:31:47;680;388
05/09/2011 19:31:49;680;559
05/09/2011 19:31:57;678;678
05/09/2011 19:32:00;680;678
05/09/2011 19:32:02;680;678
05/09/2011 19:32:04;680;678
05/09/2011 19:32:14;680;678
05/09/2011 19:32:16;680;678
05/09/2011 19:32:19;678;678
05/09/2011 19:32:22;678;678
05/09/2011 19:32:24;678;678
05/09/2011 19:32:27;678;678
05/09/2011 19:32:29;680;678
05/09/2011 19:32:32;680;678
05/09/2011 19:32:34;680;678
05/09/2011 19:32:37;680;678
05/09/2011 19:32:39;678;678
05/09/2011 19:32:42;678;678
05/09/2011 19:32:44;676;678
05/09/2011 19:32:47;678;676
05/09/2011 19:32:50;678;676
05/09/2011 19:32:52;676;676
05/09/2011 19:32:55;678;676
05/09/2011 19:32:57;680;678
05/09/2011 19:33:00;678;678
05/09/2011 19:33:02;678;678
05/09/2011 19:33:05;680;678
05/09/2011 19:33:07;678;678
05/09/2011 19:33:09;678;678
05/09/2011 19:33:11;680;678
05/09/2011 19:33:14;678;678
05/09/2011 19:33:16;678;678
05/09/2011 19:33:19;678;678
05/09/2011 19:33:21;678;678
05/09/2011 19:33:24;680;678
05/09/2011 19:33:26;678;678
05/09/2011 19:33:29;678;678
05/09/2011 19:33:31;680;678
05/09/2011 19:33:34;680;678
05/09/2011 19:33:37;678;678
05/09/2011 19:33:39;678;678
05/09/2011 19:33:42;678;678
05/09/2011 19:33:44;678;678
05/09/2011 19:33:47;678;678
05/09/2011 19:33:49;218;621
05/09/2011 19:33:52;0;365
05/09/2011 19:33:54;0;196

06/09/2011 07:32:42;384;47
06/09/2011 07:32:44;676;218
06/09/2011 07:32:47;672;469
06/09/2011 07:32:49;672;674
06/09/2011 07:32:52;674;672
06/09/2011 07:32:55;674;672
06/09/2011 07:32:57;672;672
06/09/2011 07:32:58;674;672
06/09/2011 07:33:01;674;672
06/09/2011 07:33:03;674;672
06/09/2011 07:33:06;672;672
06/09/2011 07:33:09;674;672
06/09/2011 07:33:11;676;672
06/09/2011 07:33:14;672;672
06/09/2011 07:33:16;672;672
06/09/2011 07:33:19;672;672
06/09/2011 07:33:21;670;672
06/09/2011 07:34:04;670;667
06/09/2011 07:34:05;667;667
06/09/2011 07:34:06;670;667
06/09/2011 07:34:07;670;667
06/09/2011 07:34:09;667;667
06/09/2011 07:34:10;667;667
06/09/2011 07:34:11;670;667
06/09/2011 07:34:12;670;667
06/09/2011 07:34:13;670;667
06/09/2011 07:34:14;670;667
06/09/2011 07:34:16;670;667
06/09/2011 07:34:17;670;667
06/09/2011 07:34:23;667;667
06/09/2011 07:34:24;670;667
06/09/2011 07:34:49;0;471
06/09/2011 07:34:51;0;388
06/09/2011 07:34:52;0;303
06/09/2011 07:34:54;0;136
06/09/2011 07:34:55;0;53
06/09/2011 07:35:14;458;55
06/09/2011 07:35:15;672;141
06/09/2011 07:35:16;670;224
06/09/2011 07:35:17;670;307
06/09/2011 07:35:19;665;473
06/09/2011 07:35:20;667;559
06/09/2011 07:35:21;667;642
06/09/2011 07:35:22;667;667
06/09/2011 07:35:23;665;667
06/09/2011 07:35:24;667;665
06/09/2011 07:35:25;667;665
06/09/2011 07:35:26;667;665
06/09/2011 07:35:27;667;665
06/09/2011 07:35:28;667;665
06/09/2011 07:35:29;667;665
06/09/2011 07:35:30;667;665
06/09/2011 07:35:31;665;665
06/09/2011 07:35:32;667;665
06/09/2011 07:35:33;667;665
06/09/2011 07:35:34;665;665
06/09/2011 07:35:35;667;665
06/09/2011 07:35:36;667;665
06/09/2011 07:35:37;667;665
06/09/2011 07:35:38;665;665
06/09/2011 07:35:39;667;665
06/09/2011 07:35:40;667;665
06/09/2011 07:35:41;670;665
06/09/2011 07:35:43;665;665
06/09/2011 07:35:44;667;665
06/09/2011 07:35:45;667;665
06/09/2011 07:35:46;667;665
06/09/2011 07:35:47;667;667
06/09/2011 07:35:48;667;667
06/09/2011 07:35:49;667;667
06/09/2011 07:35:50;667;665
06/09/2011 07:35:51;667;667
06/09/2011 07:35:52;667;667
06/09/2011 07:35:53;665;665
06/09/2011 07:35:54;665;665
06/09/2011 07:35:55;667;665
06/09/2011 07:35:56;665;665
06/09/2011 07:35:57;667;665
06/09/2011 07:35:58;667;665
06/09/2011 07:35:59;667;665
06/09/2011 07:36:00;667;665
06/09/2011 07:36:00;667;665
06/09/2011 07:36:01;665;665
06/09/2011 07:36:03;670;667
06/09/2011 07:36:05;667;667
06/09/2011 07:36:08;670;667
06/09/2011 07:36:10;670;667
06/09/2011 07:36:13;670;667
06/09/2011 07:36:15;667;667
06/09/2011 07:36:18;670;667
06/09/2011 07:36:20;667;667
06/09/2011 07:36:23;670;667
06/09/2011 07:36:24;667;667
06/09/2011 07:36:27;670;667
06/09/2011 07:36:29;670;667
06/09/2011 07:36:32;667;667
06/09/2011 07:36:34;667;667
06/09/2011 07:36:37;667;667
06/09/2011 07:36:39;667;667
06/09/2011 07:36:41;667;667
06/09/2011 07:36:43;670;667
06/09/2011 07:36:46;670;667
06/09/2011 07:36:48;667;667
06/09/2011 07:36:51;670;667
06/09/2011 07:36:53;670;667
06/09/2011 07:36:56;667;667
06/09/2011 07:36:58;667;667
06/09/2011 07:37:01;667;667
06/09/2011 07:37:04;667;667
06/09/2011 07:37:06;665;665
06/09/2011 07:37:09;667;665
06/09/2011 07:37:11;667;665
06/09/2011 07:37:14;665;665
06/09/2011 07:37:16;667;665
06/09/2011 07:37:18;667;665
06/09/2011 07:37:19;667;665
06/09/2011 07:37:20;241;612
06/09/2011 07:37:22;0;446
06/09/2011 07:37:23;0;363
06/09/2011 07:37:24;0;279
06/09/2011 07:37:25;0;113

23/09/2011 07:27:15;900;418
23/09/2011 07:27:18;887;751
23/09/2011 07:27:26;866;872
23/09/2011 07:27:30;862;866
23/09/2011 07:27:37;855;859
23/09/2011 07:27:45;851;853
23/09/2011 07:27:49;855;853
23/09/2011 07:27:54;857;853
23/09/2011 07:28:00;853;853
23/09/2011 07:28:07;853;853
23/09/2011 07:28:10;853;853
23/09/2011 07:28:14;851;851
23/09/2011 07:28:20;853;851
23/09/2011 07:28:21;853;851
23/09/2011 07:28:23;853;851
23/09/2011 07:28:23;853;851
23/09/2011 07:28:28;851;851
23/09/2011 07:28:34;853;851
23/09/2011 07:28:43;851;851
23/09/2011 07:28:45;851;851
23/09/2011 07:28:47;851;851
23/09/2011 07:28:50;853;851
23/09/2011 07:28:50;853;851
23/09/2011 07:28:54;853;853
23/09/2011 07:29:00;855;853
23/09/2011 07:29:05;0;399
23/09/2011 07:35:08;906;384
23/09/2011 07:35:15;879;891
23/09/2011 07:35:20;868;876
23/09/2011 07:35:26;862;864
23/09/2011 07:35:30;864;864
23/09/2011 07:35:36;864;862
23/09/2011 07:35:42;862;862
23/09/2011 07:35:46;859;859
23/09/2011 07:35:51;859;857
23/09/2011 07:35:56;859;857
23/09/2011 07:36:00;857;857
23/09/2011 07:36:05;855;855
23/09/2011 07:36:09;853;853
23/09/2011 07:36:14;853;853
23/09/2011 07:36:19;853;853
23/09/2011 07:36:23;853;853
23/09/2011 07:36:28;853;853
23/09/2011 07:36:34;853;851
23/09/2011 07:36:38;851;851
23/09/2011 07:36:42;851;851
23/09/2011 07:36:47;849;851
23/09/2011 07:36:52;851;851
23/09/2011 07:36:56;0;382
